"lnp_id","size_nm","charge_mV","peg_mol_percent","ionizable_lipid_fraction","cholesterol_fraction","helper_lipid_fraction","targeting_ligand"
"LNP_0001",78.7577520124614,-2.92787848040462,0.20944909369573,0.559619866838329,0.26993054893898,0.170449584222691,0
"LNP_0002",128.830513544381,-2.67117110081017,0.337546773068607,0.581982767426778,0.271887125956868,0.146130106616354,1
"LNP_0003",90.89769218117,-4.25799738615751,0.164073925372213,0.513411001439341,0.309582303117868,0.17700669544279,0
"LNP_0004",138.301740400493,-8.40054175350815,0.441372095514089,0.475258474260364,0.411409125259302,0.113332400480335,1
"LNP_0005",144.046728429385,-2.69091460853815,0.43909566309303,0.51229673199313,0.340863490677454,0.146839777329416,0
"LNP_0006",54.5556499389932,-6.43972370773554,0.291154725011438,0.498119430753619,0.380106809545963,0.121773759700418,1
"LNP_0007",102.8105488047,0.721074412576854,0.409476848971099,0.504653408404807,0.345283777949371,0.150062813645822,1
"LNP_0008",139.241904439405,0.0789742404595017,0.218160032201558,0.516568556896887,0.294267034416921,0.189164408686192,0
"LNP_0009",105.143501446582,8.9007020695135,0.126251244731247,0.511316695190678,0.281201998100755,0.207481306708568,1
"LNP_0010",95.6614735303447,-3.17357432097197,0.2762132499367,0.54104059729743,0.319030594163241,0.139928808539329,1
"LNP_0011",145.683334534988,-0.705724516883492,0.284839543141425,0.483861101137589,0.439104709760667,0.0770341891017439,1
"LNP_0012",95.3334156190977,-8.34937636740506,0.236373748071492,0.599301808940134,0.308697270639845,0.0920009204200208,1
"LNP_0013",117.757063545287,7.20213692169636,0.174056127481163,0.560542182996925,0.369347503310371,0.0701103136927032,1
"LNP_0014",107.263340195641,-2.08678720053285,0.302799090743065,0.470070286730452,0.430707121725937,0.0992225915436106,0
"LNP_0015",60.2924682665616,4.71798700746149,0.107676412258297,0.42850411637435,0.422278810372709,0.149217073252941,0
"LNP_0016",139.982497040182,-6.56513188034296,0.40947441579774,0.512785338618472,0.324847477473759,0.162367183907769,0
"LNP_0017",74.608773435466,-0.90476737357676,0.323866031691432,0.406530058160932,0.458583185003285,0.134886756835784,1
"LNP_0018",54.2059533530846,5.40409518871456,0.356585055682808,0.500837413895562,0.335845102919535,0.163317483184903,0
"LNP_0019",82.7920719282702,-8.74700003303587,0.28737284746021,0.505925655899647,0.350349488378529,0.143724855721824,1
"LNP_0020",145.450364914723,6.30162990186363,0.211689524259418,0.531837160644021,0.335134266593741,0.133028572762238,0
"LNP_0021",138.953931606375,-3.97714951075613,0.284486628137529,0.461117507378365,0.393791746727699,0.145090745893937,0
"LNP_0022",119.28034061566,-2.70657944027334,0.417095336690545,0.422581976338178,0.403725893769031,0.173692129892791,1
"LNP_0023",114.05068137683,-3.75774416141212,0.334226230531931,0.463912919142519,0.39141528807135,0.144671792786131,0
"LNP_0024",149.42697766237,-9.25260070245713,0.257903594337404,0.555807343269417,0.350995390413906,0.0931972663166776,0
"LNP_0025",115.570579911582,0.376098467968404,0.424494939856231,0.58258254117628,0.297731865694883,0.119685593128837,1
"LNP_0026",120.853046816774,3.58026831410825,0.227425237558782,0.416826286382332,0.353930556983544,0.229243156634124,1
"LNP_0027",104.406602471136,8.06467120535672,0.332578935287893,0.423090835018333,0.452091295746258,0.124817869235409,1
"LNP_0028",109.414202044718,-9.48946603108197,0.282195583172142,0.515606145134976,0.414490143206799,0.0699037116582253,1
"LNP_0029",78.915973729454,9.78156541474164,0.207521379925311,0.524799096430819,0.342295895757037,0.132905007812144,0
"LNP_0030",64.7113647311926,-3.94224750809371,0.322070881910622,0.407703176833876,0.398528991880257,0.193767831285867,1
"LNP_0031",146.302423253655,8.78276801202446,0.192492353729904,0.506856184194743,0.331184450570595,0.161959365234662,1
"LNP_0032",140.229904511943,3.75215163454413,0.317293159198016,0.512602052182472,0.357786574943764,0.129611372873764,0
"LNP_0033",119.070527842268,-1.05926010292023,0.279028056468815,0.526103895980711,0.336834552725656,0.137061551293632,0
"LNP_0034",129.546741768718,6.32956277579069,0.152115254756063,0.519415185285425,0.337358332467505,0.143226482247071,0
"LNP_0035",52.461368450895,-9.21001604292542,0.348690393101424,0.496404784370808,0.296798810710729,0.206796404918463,1
"LNP_0036",97.7795971091837,4.78063371032476,0.319197713304311,0.472191519768515,0.454789225994785,0.0730192542366995,0
"LNP_0037",125.845953752287,-3.02561012562364,0.159697685483843,0.471513046317991,0.396059978227667,0.132426975454342,0
"LNP_0038",71.6407935833558,6.58501646947116,0.323818347696215,0.401726627618957,0.433501835292434,0.164771537088609,0
"LNP_0039",81.8181007634848,0.710827833972871,0.270754230581224,0.483593431453983,0.366676960862261,0.149729607683756,0
"LNP_0040",73.1625785352662,-4.50909272767603,0.279092039354146,0.445354897198398,0.378783270643247,0.175861832158354,1
"LNP_0041",64.2800022382289,6.01896423846483,0.433317908644676,0.415713935346021,0.38705494368007,0.197231120973909,0
"LNP_0042",91.4546335814521,-8.16710610408336,0.387834913097322,0.602822754005459,0.316125916766126,0.0810513292284159,0
"LNP_0043",91.3724326295778,6.64215548429638,0.282754702214152,0.465704272689068,0.362700247305678,0.171595480005254,0
"LNP_0044",86.884545092471,-4.46289855055511,0.308505705185235,0.462926571159543,0.381640265519021,0.155433163321436,0
"LNP_0045",65.2444747742265,5.06220199167728,0.19698283104226,0.471031991105593,0.393649153992332,0.135318854902075,0
"LNP_0046",63.880606344901,9.28305140230805,0.130344333872199,0.404419268399769,0.415998180820422,0.17958255077981,1
"LNP_0047",73.3034099452198,-8.3706687996164,0.25651803649962,0.410511370866121,0.466896480137307,0.122592148996572,0
"LNP_0048",96.5962450252846,7.08729492966086,0.105243286397308,0.485606644526598,0.308478752080757,0.205914603392645,1
"LNP_0049",76.5972640365362,6.0447643417865,0.446999787446111,0.570445301968376,0.295053377636169,0.134501320395455,0
"LNP_0050",135.782771534286,-2.29652790818363,0.497046269476414,0.5829056961992,0.339324719856376,0.0777695839444234,1
"LNP_0051",54.5831166673452,-3.44805201981217,0.38354215528816,0.539014018914729,0.334879829793473,0.126106151291798,0
"LNP_0052",94.2200074205175,-5.90122594032437,0.430686196126044,0.520627549686695,0.376806109422513,0.102566340890792,0
"LNP_0053",129.892484564334,1.38765325304121,0.456758507806808,0.455160795748156,0.42215317523909,0.122686029012754,1
"LNP_0054",62.189925997518,7.76110380887985,0.315764293074608,0.532278847052711,0.335012637484101,0.132708515463188,0
"LNP_0055",106.094798375852,0.594281828962266,0.322125436738133,0.423860856117254,0.411283064814853,0.164856079067893,0
"LNP_0056",70.653138961643,1.73917313572019,0.210575953498483,0.511674870439076,0.328180664879609,0.160144464681315,1
"LNP_0057",62.7531650243327,3.31470285076648,0.363679170329124,0.509604205644401,0.374436498754448,0.115959295601151,0
"LNP_0058",125.330786430277,0.597849171608686,0.197374096978456,0.464432108740197,0.448612618764091,0.0869552724957116,1
"LNP_0059",139.50453591533,0.196857987903059,0.215306481905282,0.460776373735029,0.414854539164513,0.124369087100457,1
"LNP_0060",87.4462775886059,-9.67679038178176,0.386312383413315,0.560056841829426,0.360392542751438,0.0795506154191367,1
"LNP_0061",116.511519462802,-9.04580030124635,0.391013453248888,0.596791156971766,0.297450803968802,0.105758039059432,1
"LNP_0062",59.4840660924092,8.58701365068555,0.16921721547842,0.416283259180857,0.40865872470055,0.175058016118593,0
"LNP_0063",88.3969637798145,5.38571077398956,0.222524503525347,0.530603964549899,0.357634712586137,0.111761322863964,1
"LNP_0064",77.438364457339,-5.97838767804205,0.247962910681963,0.432196958046118,0.44505412611856,0.122748915835322,0
"LNP_0065",131.464003887959,3.00523000769317,0.131088621728122,0.539990463458177,0.322658780309605,0.137350756232218,0
"LNP_0066",94.8516341391951,3.07533364742994,0.385260075516999,0.478430011157797,0.307832555612139,0.213737433230064,1
"LNP_0067",131.00643530488,-2.09492477122694,0.320369091629982,0.509160024541382,0.421751345242357,0.0690886302162614,0
"LNP_0068",131.238950951956,6.24609657097608,0.154346158541739,0.589306974018127,0.311823030162425,0.0988699958194477,1
"LNP_0069",129.434232111089,0.94046835321933,0.489665477629751,0.438603468472169,0.48749160459693,0.0739049269309014,1
"LNP_0070",93.9831687603146,7.7026530308649,0.324785263556987,0.481334164235505,0.371229606957688,0.147436228806806,0
"LNP_0071",125.447515863925,1.06627975124866,0.415363752655685,0.514057068585655,0.337953981772417,0.147988949641928,1
"LNP_0072",112.922113155946,8.1209622323513,0.439565633703023,0.388127761244242,0.470629005964328,0.14124323279143,1
"LNP_0073",121.018240135163,1.74922734033316,0.451216709893197,0.532364673457277,0.361220738488052,0.106414588054672,0
"LNP_0074",50.0624773325399,-1.53072698041797,0.420190549548715,0.495180959303029,0.371732865951869,0.133086174745102,0
"LNP_0075",97.5316574098542,8.99170645978302,0.356059394590557,0.441662347790386,0.474988641195986,0.0833490110136278,0
"LNP_0076",72.0118885161355,4.18075806926936,0.351571104303002,0.539378393324061,0.405667099530294,0.0549545071456451,1
"LNP_0077",87.9816537722945,-1.73389183823019,0.20856360187754,0.467034795311028,0.463078981713432,0.0698862229755401,0
"LNP_0078",111.277100327425,-9.63271832559258,0.111975930165499,0.540010102225269,0.387400710200507,0.0725891875742238,1
"LNP_0079",85.1797909243032,1.33468165528029,0.267945685982704,0.430720612426444,0.460881131679279,0.108398255894277,1
"LNP_0080",61.1135424347594,-0.198730938136578,0.24217386841774,0.528099444345447,0.289141429274323,0.18275912638023,1
"LNP_0081",74.3619472719729,7.5734804244712,0.256932501588017,0.537250366453128,0.293735003849609,0.169014629697263,1
"LNP_0082",116.805558744818,6.25705375801772,0.16877473294735,0.449627949436665,0.471997678371341,0.0783743721919944,0
"LNP_0083",91.7646779678762,7.08199955057353,0.227856847736985,0.401150983881274,0.40159674687564,0.197252269243086,1
"LNP_0084",128.819583402947,-2.64208104461432,0.265422025695443,0.522911409115419,0.377709430978476,0.0993791599061049,0
"LNP_0085",60.2864644257352,7.47899825684726,0.403734278678894,0.542939193299709,0.336615228777489,0.120445577922802,0
"LNP_0086",93.4892741497606,-6.97323657106608,0.208756082039326,0.496918669074808,0.37099141638391,0.132089914541282,0
"LNP_0087",148.495697998442,-4.36376660596579,0.146232982818037,0.494339868313401,0.320789377279891,0.184870754406708,1
"LNP_0088",139.305111439899,3.33410315681249,0.111734645999968,0.418897211472726,0.419237391765336,0.161865396761938,0
"LNP_0089",138.646906078793,9.54767153598368,0.422742119152099,0.470403192818061,0.396133284243799,0.133463522938139,0
"LNP_0090",67.5052650272846,1.65479473304003,0.292050574626774,0.509572563725722,0.364921802242281,0.125505634031997,0
"LNP_0091",63.0695691565052,0.531801590695977,0.422499176114798,0.570619913598039,0.292134981431764,0.137245104970197,1
"LNP_0092",115.310192503966,-8.78435550257564,0.131602272670716,0.543735165702823,0.295056819521303,0.161208014775875,1
"LNP_0093",84.3516472261399,9.38077727332711,0.146134963817894,0.553887788344413,0.290459128924618,0.155653082730969,0
"LNP_0094",115.67581279669,-7.59525742847472,0.151766515802592,0.608185135107537,0.311743095104664,0.0800717697877989,0
"LNP_0095",82.0373242488131,-8.2327339798212,0.395499416813254,0.52494982877831,0.379286939935796,0.0957632312858943,1
"LNP_0096",68.7691119266674,7.61528229806572,0.402839413378388,0.3909207501613,0.422249134045494,0.186830115793206,1
"LNP_0097",128.229430131614,0.167412594892085,0.496982123423368,0.468883084273227,0.416302698395389,0.114814217331384,0
"LNP_0098",59.359498671256,-3.25010005384684,0.349821194913238,0.441204599166456,0.372523691057557,0.186271709775987,0
"LNP_0099",96.677904156968,7.88669250905514,0.215476043429226,0.50384164287392,0.333593647893113,0.162564709232966,0
"LNP_0100",101.150545990095,-9.36056743841618,0.179964709747583,0.54185791397923,0.337171506839879,0.120970579180891,0
"LNP_0101",109.998895926401,-5.25540605187416,0.420367139484733,0.525687293721337,0.387687653039205,0.0866250532394586,0
"LNP_0102",83.2823540316895,3.72980702202767,0.391105084121227,0.451161832335164,0.379532254264412,0.169305913400424,1
"LNP_0103",98.8613033667207,-5.48363153357059,0.186819189880043,0.484086029117746,0.391819113913739,0.124094856968515,0
"LNP_0104",145.44738274999,-3.63010823726654,0.397695402149111,0.470144669069242,0.374962968439821,0.154892362490938,1
"LNP_0105",98.29023971688,-6.52032366488129,0.446661483310163,0.547673005718966,0.383906036644119,0.0684209576369152,0
"LNP_0106",139.035022212192,6.02859167382121,0.311762302555144,0.436096103141122,0.474986231997217,0.0889176648616612,0
"LNP_0107",141.443818691187,-7.074358840473,0.339455418754369,0.569578806304054,0.284473505049464,0.145947688646482,1
"LNP_0108",110.873498232104,6.45434783305973,0.475052932929248,0.508899608987062,0.387296699705537,0.103803691307401,0
"LNP_0109",91.0689776530489,-3.3800434274599,0.480289639346302,0.466218533053709,0.394831297601722,0.138950169344569,1
"LNP_0110",64.7094690939412,-2.51661224290729,0.364212920516729,0.461986430140889,0.412676152199454,0.125337417659658,0
"LNP_0111",143.529980327003,2.59490847587585,0.128914632368833,0.46838988595311,0.377264999556786,0.154345114490104,0
"LNP_0112",80.1228899974376,-8.06732513941824,0.430532631464303,0.567023421442821,0.326005156387714,0.106971422169465,0
"LNP_0113",56.0720571549609,-9.56012569367886,0.291817631199956,0.565832969038642,0.353443172509204,0.0807238584521542,1
"LNP_0114",144.772694003768,9.86089560668916,0.256491513364017,0.565310805693616,0.330229547079278,0.104459647227105,1
"LNP_0115",122.059627342969,1.67877691332251,0.219649110268801,0.551025709618178,0.327519366553389,0.121454923828434,0
"LNP_0116",64.2294295597821,5.63646130263805,0.197723299823701,0.496300128746222,0.32542639776826,0.178273473485518,1
"LNP_0117",104.928465606645,7.83792245201766,0.268724052701145,0.512085490615871,0.410537054443224,0.077377454940905,0
"LNP_0118",145.409123855643,5.09730907157063,0.475108070764691,0.52622508876136,0.307391793346845,0.166383117891795,1
"LNP_0119",108.548335311934,9.58407460246235,0.205794046632946,0.470305722903848,0.401716512932248,0.127977764163904,1
"LNP_0120",90.4510281747207,-9.11705864127725,0.327427501603961,0.400902903483093,0.411626769702675,0.187470326814232,0
"LNP_0121",114.789347932674,8.06801769416779,0.180873827077448,0.360817133938341,0.447702518798985,0.191480347262674,0
"LNP_0122",81.9820617092773,7.31001628097147,0.177122250758111,0.438751254257551,0.471351204836693,0.089897540905756,0
"LNP_0123",80.7720010867342,5.50815182738006,0.387444698065519,0.476860141809922,0.397488630440793,0.125651227749285,1
"LNP_0124",71.9767631264403,-2.46367166284472,0.225407158210874,0.546867023095595,0.296752285272456,0.156380691631949,1
"LNP_0125",86.9488865835592,-9.1578390263021,0.155356050934643,0.442772611194473,0.401365352092468,0.155862036713058,0
"LNP_0126",148.421920347027,-2.71177836693823,0.123212279099971,0.596024090400807,0.27000696282257,0.133968946776624,1
"LNP_0127",65.4202300822362,-4.52497460413724,0.47243985645473,0.495705326794892,0.420238884936402,0.084055788268706,1
"LNP_0128",59.1043999884278,7.00934961438179,0.327335204835981,0.480067614963722,0.429322135179755,0.0906102498565223,0
"LNP_0129",64.1906907781959,-2.75196575094014,0.147108144219965,0.536162306227207,0.359842365737148,0.103995328035645,0
"LNP_0130",119.000710151158,-3.91044418793172,0.325917792599648,0.537668875140451,0.409119766402697,0.0532113584568521,1
"LNP_0131",111.925648339093,5.18270678818226,0.316102473158389,0.558678043654491,0.288117622935703,0.153204333409806,0
"LNP_0132",139.139411714859,6.89669248647988,0.427873007394373,0.49394221554223,0.338020219466188,0.168037564991583,1
"LNP_0133",117.299909261055,-0.841568778268993,0.38119180155918,0.555363743915647,0.338281021338369,0.106355234745984,1
"LNP_0134",123.707773792557,4.592633289285,0.327099349442869,0.562177264013797,0.306424662351579,0.131398073634624,0
"LNP_0135",102.113572577946,-7.91842727921903,0.388523706514388,0.56411198777368,0.380019649692243,0.0558683625340766,0
"LNP_0136",115.983844967559,-5.60033644549549,0.400977685395628,0.572908308036145,0.362362631821846,0.0647290601420089,0
"LNP_0137",132.18054601457,9.07902495469898,0.252569038700312,0.42728886379098,0.372856369485368,0.199854766723653,0
"LNP_0138",128.628155170009,5.04075082484633,0.215204112511128,0.427690504451281,0.425465668186726,0.146843827361993,0
"LNP_0139",147.98219173681,6.37910766527057,0.3126733308658,0.391294316594983,0.457604352498256,0.151101330906761,0
"LNP_0140",93.9431536244228,-1.64445796515793,0.203858428541571,0.537716976281056,0.345643035436697,0.116639988282247,1
"LNP_0141",81.170220207423,1.87676986213773,0.432716127112508,0.438773974181599,0.454307172924857,0.106918852893543,1
"LNP_0142",90.9474952612072,5.97647115588188,0.262145553901792,0.538326183405699,0.276448678559545,0.185225138034756,0
"LNP_0143",51.0467111831531,7.76817300822586,0.129052770230919,0.591749095684397,0.349964988181249,0.0582859161343536,0
"LNP_0144",68.384952400811,-2.29616813361645,0.481503449846059,0.635146305455294,0.281821798563881,0.0830318959808256,0
"LNP_0145",134.2729318887,-8.19355831481516,0.186873513180763,0.494970350068393,0.297477564400422,0.207552085531185,0
"LNP_0146",73.1161782052368,2.51487274188548,0.262250106688589,0.570819618744869,0.263329327633115,0.165851053622016,0
"LNP_0147",73.9099955651909,4.91272434592247,0.350267326179892,0.519157798473837,0.29082720393817,0.190014997587993,0
"LNP_0148",57.6691165333614,-8.29243085347116,0.351361921522766,0.577163088606467,0.332391644814403,0.0904452665791299,1
"LNP_0149",74.5723678031936,-3.98964777588844,0.231295465677977,0.465961151375302,0.391401758424996,0.142637090199703,0
"LNP_0150",123.213520552963,2.29124314617366,0.155563796777278,0.453255698005134,0.473188359502969,0.0735559424918964,0
"LNP_0151",134.745316510089,5.05864115897566,0.46586286816746,0.463358284922484,0.348373498063169,0.188268217014348,1
"LNP_0152",99.7527267085388,8.3411426609382,0.339646386913955,0.45908633788119,0.383356829349429,0.15755683276938,1
"LNP_0153",88.7909029843286,-0.484989886172116,0.399842838384211,0.433950636910407,0.384746412908648,0.181302950180945,0
"LNP_0154",74.6448994148523,1.34238932281733,0.467581898067147,0.571680562570489,0.362003970861303,0.0663154665682077,0
"LNP_0155",61.1096461303532,4.73240692168474,0.311506158392876,0.466126709027423,0.421622724180295,0.112250566792282,0
"LNP_0156",88.9994435245171,7.14894848875701,0.248791498411447,0.515467101344457,0.333131396217351,0.151401502438192,0
"LNP_0157",107.193531398661,8.18293008953333,0.126323328446597,0.46022383499512,0.413415539191818,0.126360625813062,0
"LNP_0158",71.6892762808129,-8.87235549278557,0.441747969482094,0.500113012469091,0.362990673801519,0.136896313729391,0
"LNP_0159",94.476800202392,0.0581660820171237,0.30416452055797,0.5109793424211,0.410971489572261,0.078049168006639,0
"LNP_0160",71.799066872336,-2.98910453915596,0.183999223448336,0.532688068240611,0.322373801907196,0.144938129852193,1
"LNP_0161",100.229956326075,6.91112245898694,0.250337374676019,0.515839082788464,0.406717816615212,0.077443100596324,0
"LNP_0162",85.3904571849853,6.12870327662677,0.182946199923754,0.495493046197867,0.379085035443225,0.125421918358908,0
"LNP_0163",114.998515881598,-7.653375454247,0.283696326892823,0.438602619451913,0.393852895946518,0.167544484601569,1
"LNP_0164",87.4713956611231,4.25373109988868,0.196600900031626,0.521985872583448,0.399551827082992,0.0784623003335604,0
"LNP_0165",85.5445380788296,-5.29462283942848,0.14747612895444,0.534324871190036,0.360188127952171,0.105487000857793,0
"LNP_0166",103.368794545531,-8.50086497608572,0.128987659886479,0.427782895564234,0.427105668749955,0.145111435685811,1
"LNP_0167",124.033436039463,8.71292294468731,0.376395939942449,0.611225949440988,0.271225880562546,0.117548169996466,1
"LNP_0168",72.1102937823161,-6.85664349701256,0.214783047698438,0.435874566019045,0.436249713910259,0.127875720070696,0
"LNP_0169",91.274611861445,2.94114700052887,0.159764998219907,0.468484509790862,0.409996032057004,0.121519458152134,0
"LNP_0170",76.5686686849222,-6.52964507695287,0.488972803670913,0.50917606551482,0.407420053077333,0.0834038814078471,0
"LNP_0171",112.997305346653,-9.59851981606334,0.26420575613156,0.600008915190201,0.334760125573846,0.0652309592359534,1
"LNP_0172",68.3828490786254,0.426276926882565,0.260725541692227,0.541512860629409,0.37572038321202,0.0827667561585712,0
"LNP_0173",136.364411143586,-8.27444213442504,0.359422539453954,0.440578513879859,0.351571250155847,0.207850235964294,0
"LNP_0174",124.656800413504,-4.33995307888836,0.466522295866162,0.568745577033124,0.355582012846813,0.0756724101200623,1
"LNP_0175",116.828464972787,-1.59130197949708,0.186664855573326,0.457978931265151,0.47227188358147,0.0697491851533791,0
"LNP_0176",111.801787326112,1.74556248355657,0.319199548754841,0.620558547381224,0.313916978688472,0.0655244739303036,0
"LNP_0177",87.2238060226664,6.13388859201223,0.388020183146,0.529130848651279,0.346890109531985,0.123979041816737,1
"LNP_0178",102.983568585478,-5.96009582281113,0.258898402098566,0.460076118534873,0.378735689552947,0.16118819191218,0
"LNP_0179",137.468234286644,-0.811506565660238,0.137600557040423,0.585137348344757,0.299348882033279,0.115513769621964,1
"LNP_0180",108.175009978004,-1.03713772259653,0.353958562016487,0.445144173552853,0.43156519854507,0.123290627902077,1
"LNP_0181",133.976776478812,4.67495516408235,0.100991524104029,0.422734369150507,0.460611993543816,0.116653637305677,0
"LNP_0182",81.2448164913803,4.29509621113539,0.184209295921028,0.499901064260541,0.394125487315333,0.105973448424126,1
"LNP_0183",120.829032221809,6.62443957757205,0.371609123796225,0.576043190533146,0.242057778997691,0.181899030469164,0
"LNP_0184",76.5017806086689,7.73132241796702,0.446475652139634,0.447954504289931,0.355642621270804,0.196402874439265,0
"LNP_0185",109.434319403954,9.05289147980511,0.419878846220672,0.470242062932102,0.429299686561293,0.100458250506605,0
"LNP_0186",98.1289800489321,1.01233443710953,0.153998559340835,0.463687385701895,0.33033774675965,0.205974867538455,1
"LNP_0187",76.503273146227,0.446715322323143,0.254999303072691,0.489719771258062,0.426336901896178,0.0839433268457607,0
"LNP_0188",106.459043477662,-6.58603489398956,0.415388771612197,0.458184175459626,0.366475472889523,0.17534035165085,0
"LNP_0189",141.318822302856,-0.414568800479174,0.377165466640145,0.596367446892703,0.337210880830664,0.0664216722766336,0
"LNP_0190",140.187438949943,-4.92358407005668,0.337709188554436,0.496089293355716,0.336666365141021,0.167244341503263,1
"LNP_0191",77.4166621500626,-9.2043872596696,0.149543060548604,0.503494549245838,0.409608563184552,0.0868968875696104,0
"LNP_0192",82.1482756407931,2.69601019565016,0.322031241096556,0.492451268021807,0.377697105756558,0.129851626221634,1
"LNP_0193",148.564088437706,0.791218280792236,0.279764555115253,0.478535993522198,0.442743746958372,0.0787202595194299,0
"LNP_0194",111.999331018887,-7.19792900141329,0.406466611474752,0.497815466110091,0.381709763201996,0.120474770687914,1
"LNP_0195",143.731408915482,-4.32576446328312,0.110439088661224,0.497379910609199,0.371209661643347,0.131410427747454,1
"LNP_0196",96.6532702324912,1.66061190422624,0.178068572748452,0.480746501655603,0.348273867491275,0.170979630853122,1
"LNP_0197",90.6832593260333,-6.69948215596378,0.452493825927377,0.557192212896456,0.367679776221442,0.0751280108821017,0
"LNP_0198",115.923032420687,-8.0739777861163,0.143920637387782,0.486916485794607,0.34943284409745,0.163650670107943,0
"LNP_0199",65.2346616843715,-1.42773817293346,0.487420371174812,0.499189116605839,0.349672881561079,0.151138001833082,1
"LNP_0200",107.286705821753,-2.88476868532598,0.254079437162727,0.45601612637294,0.316697875346611,0.227285998280449,0
"LNP_0201",73.8726026844233,6.89867079723626,0.443436562921852,0.49903481023565,0.391128430437736,0.109836759326614,0
"LNP_0202",146.235893643461,-4.79735052678734,0.454953901842237,0.402135680643065,0.426047791083068,0.171816528273867,0
"LNP_0203",110.136572597548,-9.53711015637964,0.295636599417776,0.497997300716038,0.436312314073861,0.065690385210101,1
"LNP_0204",101.502972724847,7.24799079354852,0.387236723583192,0.594565176461162,0.258262483243571,0.147172340295266,0
"LNP_0205",90.2573342202231,-3.30824077595025,0.294682229030877,0.604607632345913,0.306866802776469,0.088525564877618,0
"LNP_0206",138.024654123001,2.63577743433416,0.495483544375747,0.486862208307079,0.340248735874438,0.172889055818483,0
"LNP_0207",86.4091864787042,0.928525174967945,0.12590045183897,0.465214974132271,0.324993057680086,0.209791968187643,0
"LNP_0208",78.8239280693233,-2.47111013624817,0.163065111171454,0.466697291564008,0.366337065837646,0.166965642598346,1
"LNP_0209",67.0645235106349,-6.2825396982953,0.414139447361231,0.527463264583636,0.320235171620402,0.152301563795962,0
"LNP_0210",67.2171746380627,-1.42118817660958,0.316875315923244,0.545897734669014,0.332143630574536,0.121958634756449,1
"LNP_0211",98.204260552302,2.61547197122127,0.266618938092142,0.443404635241157,0.348146697846554,0.20844866691229,0
"LNP_0212",75.2964928513393,0.416847025044262,0.499553059600294,0.418021898426446,0.439291505741024,0.142686595832531,0
"LNP_0213",71.625478961505,3.19242674391717,0.202269246801734,0.474754294873261,0.364293619821478,0.160952085305261,1
"LNP_0214",117.437638808042,4.58721862640232,0.30315026845783,0.603630409775893,0.288552105875379,0.107817484348728,1
"LNP_0215",54.7663627425209,-0.263542532920837,0.131588471028954,0.513944643539551,0.41596487944741,0.0700904770130386,1
"LNP_0216",120.085308747366,-2.31086768675596,0.425467345770448,0.562148730635013,0.2594447385601,0.178406530804887,0
"LNP_0217",85.1888638455421,-9.86332982312888,0.252871664054692,0.581841592757703,0.319317350202144,0.0988410570401534,1
"LNP_0218",90.8943997928873,-9.9263154482469,0.420873083174229,0.502908432862023,0.397544244979819,0.0995473221581584,0
"LNP_0219",132.095132395625,9.89872880280018,0.17916945470497,0.534297137482,0.330266421211471,0.13543644130653,1
"LNP_0220",141.88573481515,-7.84226239658892,0.478559908084571,0.458320785625462,0.377763394492135,0.163915819882403,0
"LNP_0221",78.2528330106288,-1.62661683280021,0.238268989697099,0.52649488791667,0.287770801388292,0.185734310695038,1
"LNP_0222",146.110479370691,4.35769093222916,0.308820098917931,0.501181813474814,0.424667893029858,0.074150293495328,0
"LNP_0223",122.839442826807,4.85078264493495,0.144675202574581,0.471760932099735,0.401349141120631,0.126889926779634,1
"LNP_0224",118.637508200482,7.43997647427022,0.454389940481633,0.48909350987472,0.297097980480186,0.213808509645094,0
"LNP_0225",55.2843942772597,2.15735922101885,0.481701989285648,0.370588188990779,0.448469995005498,0.180941816003723,1
"LNP_0226",89.5220134640113,5.12406702619046,0.116152305249125,0.553237212885416,0.258270141956793,0.188492645157791,1
"LNP_0227",97.7845379849896,6.94482596125454,0.2974464754574,0.467996361512642,0.336000407567183,0.196003230920175,0
"LNP_0228",106.025326368399,2.25559297949076,0.19042548192665,0.56802303015318,0.348993888188273,0.0829830816585472,1
"LNP_0229",119.826159486547,5.86448335554451,0.443520135711879,0.483965737541829,0.444083173025355,0.0719510894328167,0
"LNP_0230",141.568353842013,-9.5429063308984,0.312374293524772,0.529626413328697,0.380515745713803,0.0898578409574997,0
"LNP_0231",111.835122737102,-1.66170900687575,0.101855260320008,0.5333098097568,0.364413687650513,0.102276502592688,0
"LNP_0232",92.8421508753672,7.49764774926007,0.211024032067508,0.439673804053428,0.401661566937856,0.158664629008716,0
"LNP_0233",104.208036721684,2.94694031123072,0.230081257224083,0.403048346151259,0.387896714524762,0.209054939323979,0
"LNP_0234",55.8478488586843,8.48957973532379,0.335482510644943,0.542047779237471,0.352215436388699,0.105736784373831,0
"LNP_0235",76.0856857057661,-6.55549807939678,0.199873880296946,0.538565951382326,0.298818077233221,0.162615971384453,1
"LNP_0236",89.7151953307912,-3.68374421726912,0.117246912326664,0.519105619516955,0.35612072567371,0.124773654809336,0
"LNP_0237",69.7744736680761,6.08512558508664,0.144271515030414,0.418466082522329,0.431990460770353,0.149543456707319,1
"LNP_0238",133.192756283097,9.77926822379231,0.381501524802297,0.544046223168689,0.294603598431884,0.161350178399427,0
"LNP_0239",65.2887222822756,-3.55228896252811,0.475608495529741,0.590972166269939,0.255762307438023,0.153265526292038,0
"LNP_0240",130.341854202561,-9.97616743203253,0.224467607215047,0.475693001665663,0.374643083133884,0.149663915200454,1
"LNP_0241",104.682615655474,9.84341238625348,0.131397172063589,0.489163197714764,0.386907938962314,0.123928863322921,0
"LNP_0242",116.231764201075,-7.03295216429979,0.228697636537254,0.563774203622611,0.362529284647269,0.0736965117301199,0
"LNP_0243",67.1698493883014,-9.01271405629814,0.349962214753032,0.597858618297185,0.323903811553434,0.0782375701493813,1
"LNP_0244",113.305535982363,1.94706965237856,0.276096739806235,0.414606047326271,0.523771811576271,0.0616221410974585,1
"LNP_0245",81.1869746772572,-3.57343113049865,0.420538120251149,0.382788465056154,0.432405959562547,0.184805575381299,1
"LNP_0246",122.45543464087,0.558580006472766,0.211713522020727,0.37211402159619,0.4485234604696,0.17936251793421,1
"LNP_0247",89.8939824663103,5.90844040736556,0.328285277355462,0.582921515411359,0.352219026252407,0.0648594583362341,1
"LNP_0248",146.935641113669,-8.62134806346148,0.116851204819977,0.536417109383967,0.399412879102153,0.0641700115138794,1
"LNP_0249",146.739837061614,3.90041394624859,0.176286982186139,0.601514848688931,0.319953632961117,0.0785315183499519,0
"LNP_0250",122.670253901742,8.97263014689088,0.390834588278085,0.502831708876423,0.350128390088762,0.147039901034815,1
"LNP_0251",75.7216746453196,-4.44461365230381,0.430676020123065,0.493130659970418,0.373706285799071,0.133163054230511,0
"LNP_0252",72.1787934657186,-5.01186829525977,0.304288430139422,0.519044247546957,0.417717672691086,0.0632380797619571,0
"LNP_0253",109.304565167986,-6.81129039730877,0.327090466301888,0.570606646005887,0.361032783627409,0.0683605703667033,1
"LNP_0254",76.7521432135254,-8.56739887967706,0.100462327897549,0.485788642647102,0.386603871199089,0.127607486153809,0
"LNP_0255",103.107039886527,1.14875166211277,0.157511241268367,0.591165452459411,0.31536321707833,0.093471330462259,1
"LNP_0256",128.529167128727,-0.203258967958391,0.446386833209544,0.534710248666578,0.334627889566723,0.130661861766699,0
"LNP_0257",66.8060810538009,-0.114152762107551,0.133024424221367,0.565081849911274,0.368137359295024,0.066780790793703,0
"LNP_0258",90.4399181017652,7.76743170339614,0.197828272823244,0.470691921299563,0.332523551220336,0.1967845274801,1
"LNP_0259",97.1576277632266,-9.26591280382127,0.492617262993008,0.522818880203981,0.296199675659519,0.180981444136501,1
"LNP_0260",136.810680688359,-5.92512372881174,0.331032511778176,0.507970867442129,0.388311879008933,0.103717253548938,0
"LNP_0261",142.57079558447,0.275622783228755,0.199490545783192,0.491682085008523,0.365913648938807,0.14240426605267,0
"LNP_0262",138.197755930014,-5.27320221997797,0.345981581509113,0.407400421609905,0.485418868404938,0.107180709985157,0
"LNP_0263",117.418684251606,1.50871339719743,0.112702928297222,0.44312162979429,0.387595706348563,0.169282663857147,0
"LNP_0264",145.016697933897,-0.354841770604253,0.158569417707622,0.554062575711927,0.321718029415738,0.124219394872335,1
"LNP_0265",101.644489425234,1.38705377466977,0.38122918959707,0.459699345502742,0.388650835392563,0.151649819104695,0
"LNP_0266",107.651902129874,-7.1169536979869,0.126224283408374,0.620402539709337,0.263498981637073,0.11609847865359,1
"LNP_0267",83.6331205908209,-7.08582474850118,0.348722824919969,0.565716352238983,0.279371332437034,0.154912315323983,1
"LNP_0268",84.732463140972,-1.75433774013072,0.474930946156383,0.455685445128992,0.448088917876037,0.0962256369949717,0
"LNP_0269",52.0024300552905,3.660205649212,0.135157845914364,0.543921874274384,0.289939100907595,0.166139024818021,0
"LNP_0270",100.281304563396,3.06855640839785,0.489121403731406,0.568568659413042,0.297226025512115,0.134205315074844,0
"LNP_0271",137.104341364466,8.31972666084766,0.110404284205288,0.595573059149974,0.34284213166229,0.0615848091877354,0
"LNP_0272",50.6300783948973,6.26226264983416,0.390091180801392,0.550184906830993,0.337134768959826,0.112680324209181,0
"LNP_0273",57.2057123994455,3.5178000247106,0.281482556648552,0.485600254073133,0.368836179184451,0.145563566742416,1
"LNP_0274",66.4211224997416,6.14998218603432,0.326472961995751,0.577091665974753,0.295430926846925,0.127477407178322,0
"LNP_0275",127.033407427371,-7.43871160782874,0.449092418514192,0.426499883986067,0.439166252239331,0.134333863774602,1
"LNP_0276",123.518430581316,-4.98442932032049,0.321825271844864,0.427752623829865,0.406953778877659,0.165293597292476,1
"LNP_0277",147.187563567422,-3.36906016804278,0.395060882903636,0.401952054046287,0.434664616682733,0.16338332927098,0
"LNP_0278",96.6472376836464,-1.85461420100182,0.349251664802432,0.508141135583716,0.418396550040074,0.0734623143762104,0
"LNP_0279",57.4384513311088,2.70735153928399,0.224411362316459,0.558928414033196,0.367449797061879,0.0736217889049252,1
"LNP_0280",114.88181243185,6.17224089801311,0.25687859384343,0.567614835245071,0.315383029842317,0.117002134912612,0
"LNP_0281",125.859316950664,-4.82397597283125,0.180834982171655,0.482668517904294,0.398220856197617,0.11911062589809,0
"LNP_0282",63.7106081005186,6.38934279792011,0.441112155839801,0.415032095029114,0.42625999003216,0.158707914938726,0
"LNP_0283",89.6584594622254,-9.69044662080705,0.342732060328126,0.571888182609165,0.351002795245736,0.0771090221450988,0
"LNP_0284",72.4985329201445,3.08801533188671,0.402439205534756,0.479081828882705,0.333758349446487,0.187159821670808,1
"LNP_0285",55.7958560530096,6.23439168557525,0.325006723497063,0.417804253890621,0.387796046616205,0.194399699493174,1
"LNP_0286",89.5892688306049,-0.772621463984251,0.210359605122358,0.465696543947062,0.359951889671996,0.174351566380942,0
"LNP_0287",56.4928299980238,-5.93165796715766,0.394223361462355,0.52156188037499,0.315388153447253,0.163049966177757,1
"LNP_0288",72.5886432919651,-9.62463565636426,0.319711917545646,0.577437411380961,0.355420694633188,0.0671418939858505,0
"LNP_0289",55.462910910137,-4.33734605554491,0.238450817577541,0.490026566122159,0.351761705118817,0.158211728759025,1
"LNP_0290",117.028203955851,8.30545251257718,0.305986253917217,0.507374677996981,0.324397207414035,0.168228114588984,0
"LNP_0291",79.7741782618687,8.67393041029572,0.426307179033756,0.531240640333026,0.382530370563344,0.0862289891036297,0
"LNP_0292",60.0721582304686,0.850632274523377,0.310509027726948,0.394722221137719,0.473398704078913,0.131879074783368,0
"LNP_0293",57.1904097218066,-5.6115490803495,0.181216019950807,0.530836720142916,0.308306141202442,0.160857138654642,0
"LNP_0294",138.044056878425,-0.211443919688463,0.439243072178215,0.551749202372762,0.329997195975107,0.118253601652131,0
"LNP_0295",125.424740207382,6.02297472301871,0.248197686020285,0.420108178324283,0.407053834085556,0.172837987590161,0
"LNP_0296",131.66058876086,-1.8473868444562,0.221330068353564,0.515011077836462,0.35397528953416,0.131013632629378,0
"LNP_0297",148.214037367143,-7.92576866224408,0.408238818775862,0.53554440484699,0.323019307214847,0.141436287938163,1
"LNP_0298",60.3599644964561,-4.38869650475681,0.393379421997815,0.507015918713555,0.365677718016265,0.12730636327018,0
"LNP_0299",59.9041829351336,-2.77067558839917,0.435562399309129,0.516768650223493,0.387085985139683,0.0961453646368242,0
"LNP_0300",129.883161117323,-4.81510317884386,0.327619536966085,0.441042232775233,0.389223669287049,0.169734097937717,1
"LNP_0301",128.457526653074,-0.586363328620791,0.110512335319072,0.482953347786628,0.429096373637517,0.0879502785758547,0
"LNP_0302",50.9429905097932,-2.68309053499252,0.294450891297311,0.499571771505366,0.381573757667517,0.118854470827117,0
"LNP_0303",127.906588278711,-7.57455891463906,0.317072413116694,0.520533980350668,0.366046965849737,0.113419053799595,0
"LNP_0304",122.939065191895,-9.06012638937682,0.434664046764374,0.543146504936414,0.392783551680492,0.0640699433830948,0
"LNP_0305",113.013185281307,-4.74407391622663,0.39146581524983,0.474369533672643,0.371032883360739,0.154597582966617,1
"LNP_0306",98.0910829966888,9.37282335944474,0.322045522741973,0.457991957416606,0.363921391021719,0.178086651561675,0
"LNP_0307",65.663685137406,-0.230090352706611,0.12936575897038,0.558826159402888,0.346078600106481,0.095095240490631,1
"LNP_0308",50.8215519832447,-0.443559405393898,0.154600919689983,0.464779521750471,0.360379307962174,0.174841170287356,1
"LNP_0309",95.2458394225687,4.97585762292147,0.373843478504568,0.496875980268848,0.381371272840623,0.121752746890528,0
"LNP_0310",99.2293328745291,3.35280462633818,0.13984877448529,0.486085338876006,0.319361811317032,0.194552849806963,0
"LNP_0311",88.9587111538276,-9.01168806478381,0.181514362059534,0.433331317564462,0.373843634269833,0.192825048165705,0
"LNP_0312",96.4665941894054,3.90210488811135,0.246392055321485,0.581723531571741,0.292406554403864,0.125869914024395,1
"LNP_0313",121.327900071628,-2.73476866539568,0.43847830304876,0.532550370470338,0.314375241203624,0.153074388326038,0
"LNP_0314",55.5301926331595,7.6826721476391,0.194749038200825,0.486356491291801,0.351529437886456,0.162114070821743,1
"LNP_0315",85.4783097514883,5.50594459287822,0.381951140239835,0.45683983315216,0.361386051832971,0.181774115014869,0
"LNP_0316",130.281227291562,-7.21592717338353,0.143043532315642,0.491171784152412,0.435552067930225,0.0732761479173632,0
"LNP_0317",133.570883702487,-4.09981457516551,0.411627547442913,0.604427990131998,0.32769997485627,0.0678720350117318,1
"LNP_0318",73.7749404972419,-7.47834429144859,0.202042273338884,0.443162274738057,0.366816182428891,0.190021542833052,0
"LNP_0319",85.3986102622002,1.79803247563541,0.319217330403626,0.556666241666808,0.322787323449165,0.120546434884026,0
"LNP_0320",135.688542015851,1.23351217713207,0.113560608308762,0.401233318106758,0.419766219534223,0.179000462359019,0
"LNP_0321",135.376337380148,3.77442240249366,0.422443790454417,0.536199058637525,0.348374807913667,0.115426133448807,1
"LNP_0322",79.5895455405116,-3.77458381932229,0.235101122874767,0.493402656238745,0.388565883111519,0.118031460649735,0
"LNP_0323",64.7048324579373,2.11173682939261,0.466514343209565,0.440661798127747,0.37611804923628,0.183220152635972,0
"LNP_0324",120.399206131697,9.82068637851626,0.242842567153275,0.498096395982315,0.342105438016573,0.159798166001112,0
"LNP_0325",60.3806688217446,4.86409830395132,0.490146005246788,0.540164965245126,0.38391429269259,0.0759207420622838,1
"LNP_0326",53.3727772999555,-8.48285739310086,0.253751409053803,0.587060896724015,0.304812507609256,0.108126595666729,0
"LNP_0327",149.940452794544,-0.976621871814132,0.295469414070249,0.413703540129839,0.392340601744321,0.193955858125841,0
"LNP_0328",53.4874804085121,-8.92926130909473,0.296310492511839,0.620942375695773,0.28941502642559,0.0896425978786366,1
"LNP_0329",83.8391283759847,-3.20888971909881,0.104901849664748,0.544062459195528,0.309194064410752,0.14674347639372,0
"LNP_0330",141.506376164034,4.67904297634959,0.356589280255139,0.537120563365222,0.357269476112475,0.105609960522303,0
"LNP_0331",111.723526963033,-9.91786119062454,0.305029988661408,0.588952574780506,0.264714008250371,0.146333416969123,0
"LNP_0332",78.6285348702222,5.43818964622915,0.228140847291797,0.526764353435499,0.323939363525703,0.149296283038798,0
"LNP_0333",123.779740300961,-0.740495775826275,0.332573263067752,0.522472967085931,0.339001607117719,0.13852542579635,1
"LNP_0334",133.405430917628,4.4168070005253,0.346937763318419,0.415508150146442,0.406594866829135,0.177896983024423,1
"LNP_0335",81.4270780421793,3.33011434413493,0.275309815071523,0.405334906251748,0.460545084632759,0.134120009115492,1
"LNP_0336",99.2566547822207,1.44147441256791,0.168147592246532,0.5367995105976,0.33118105993087,0.13201942947153,0
"LNP_0337",119.737376621924,4.07625900115818,0.3860321986489,0.537508499452362,0.281523965854169,0.180967534693469,1
"LNP_0338",114.146235398948,3.1444212095812,0.399114619474858,0.430893833849089,0.441555073272245,0.127551092878666,1
"LNP_0339",114.39229149837,-4.21295709908009,0.437565883249044,0.4952267305992,0.368538979737981,0.136234289662819,1
"LNP_0340",147.785340482369,-8.05521088652313,0.313903618790209,0.471053924822808,0.375542756084962,0.153403319092229,0
"LNP_0341",91.4735334459692,9.24842642154545,0.220894104614854,0.467141744651802,0.408198096619779,0.124660158728419,0
"LNP_0342",61.9404779979959,4.72668058238924,0.282607272826135,0.545361790237602,0.326084564455401,0.128553645306998,1
"LNP_0343",102.602966013364,2.25446937140077,0.253737013787031,0.426824862763834,0.406169896784864,0.167005240451302,1
"LNP_0344",72.5073350826278,-7.60142238344997,0.199618741869926,0.478294310456188,0.381884358148414,0.139821331395398,0
"LNP_0345",98.6411764053628,1.00518092978746,0.361850697919726,0.525208821621478,0.316277506624429,0.158513671754094,0
"LNP_0346",87.0214798487723,-4.74487444385886,0.482129480689764,0.457434400196745,0.342177131301389,0.200388468501867,1
"LNP_0347",148.335018078797,7.96721662394702,0.216433182917535,0.492829298075717,0.350594731483377,0.156575970440906,0
"LNP_0348",88.8319115154445,-9.81640108395368,0.360075634624809,0.497776846864783,0.393489898061815,0.108733255073401,1
"LNP_0349",72.9244840331376,-5.27530128136277,0.314543972350657,0.553232114665062,0.352531975504902,0.0942359098300359,1
"LNP_0350",112.329754629172,-7.39910809323192,0.338980746641755,0.500611084991835,0.405007111478137,0.0943818035300283,0
"LNP_0351",63.6540197068825,-3.47533706575632,0.109959307778627,0.491192481264539,0.345703254035239,0.163104264700221,1
"LNP_0352",146.746949432418,4.5279777655378,0.101936695817858,0.527100177174924,0.388059562011658,0.0848402608134186,0
"LNP_0353",101.507180789486,9.83490470796824,0.152551301755011,0.51910212340221,0.34176766325397,0.13913021334382,1
"LNP_0354",66.3070329232141,4.30267055518925,0.109926841501147,0.448945370079277,0.483312960355116,0.067741669565607,0
"LNP_0355",112.190229515545,0.0887962197884917,0.136851780768484,0.487669471022092,0.344405090553548,0.16792543842436,0
"LNP_0356",148.595416522585,-1.27904656343162,0.290223289653659,0.56954368325555,0.302962264147382,0.127494052597068,1
"LNP_0357",116.877151746303,8.97650501225144,0.178662704490125,0.613773740034432,0.26414842671366,0.122077833251908,0
"LNP_0358",91.8915896909311,-7.59637024719268,0.425869579426944,0.471025654375477,0.32303397186072,0.205940373763804,1
"LNP_0359",82.3344993172213,-8.49709646776319,0.197623691242188,0.562326628355759,0.319611970174203,0.118061401470038,1
"LNP_0360",133.52553199511,7.78042985592037,0.295523055177182,0.540837285935115,0.309417898288207,0.149744815776677,0
"LNP_0361",64.3817043630406,-1.51095809880644,0.35955299185589,0.483462005381116,0.35247579199346,0.164062202625424,1
"LNP_0362",69.2815946880728,-9.15278642438352,0.163486588001251,0.524609851077692,0.394010793456243,0.0813793554660646,0
"LNP_0363",139.673868264072,2.9488428728655,0.434791164379567,0.510948986733361,0.408823811683239,0.0802272015834003,1
"LNP_0364",80.8119554305449,-0.627616751007736,0.274638611916453,0.517230525633537,0.391734283551729,0.0910351908147338,1
"LNP_0365",86.3300543511286,2.35852246638387,0.193398210033774,0.487781626853553,0.355636015533893,0.156582357612553,0
"LNP_0366",128.394647873938,-4.58369134925306,0.219542396813631,0.464557554166625,0.346367734976756,0.189074710856619,0
"LNP_0367",69.3378679919988,-6.85409426689148,0.163768534734845,0.49517163582014,0.343134401933652,0.161693962246208,1
"LNP_0368",51.7765811877325,-7.71491459570825,0.334226841665804,0.499408293956389,0.334519759355514,0.166071946688097,0
"LNP_0369",90.6607866287231,0.153657263144851,0.159511190839112,0.515086743104905,0.429994328288429,0.0549189286066664,0
"LNP_0370",98.3167669270188,0.960645750164986,0.171623823884875,0.523827971201285,0.368251794149631,0.107920234649084,1
"LNP_0371",92.1844950178638,-7.18707621097565,0.235688601993024,0.423625064672124,0.428774424142699,0.147600511185177,1
"LNP_0372",84.2808801680803,-6.6046189982444,0.173560775537044,0.582843659961437,0.348951080042408,0.0682052599961544,1
"LNP_0373",136.648331466131,5.23970646318048,0.262216608878225,0.545164577942171,0.385605002982355,0.0692304190754742,0
"LNP_0374",95.510805095546,0.547898812219501,0.345423847343773,0.515114624393842,0.400721801172917,0.0841635744332413,1
"LNP_0375",103.37648736313,7.21978715155274,0.374268533755094,0.456055883849929,0.36348024176544,0.180463874384631,0
"LNP_0376",146.384333190508,3.4710997575894,0.429410240054131,0.550177979766153,0.282196235886179,0.167625784347668,1
"LNP_0377",127.459154208191,-9.73917940631509,0.249592845514417,0.459504963623205,0.4405050964425,0.0999899399342949,0
"LNP_0378",70.8876348566264,3.8639780273661,0.481136401835829,0.470111819571979,0.419809074009277,0.110079106418744,1
"LNP_0379",80.8786832727492,7.8342746431008,0.107532863598317,0.63033429306866,0.275395067863976,0.0942706390673639,0
"LNP_0380",147.134245024063,2.6370035065338,0.344949988927692,0.408712134975305,0.410334787201244,0.180953077823451,1
"LNP_0381",108.490009349771,-7.85410690121353,0.285429505538195,0.556151705911051,0.320824343912402,0.123023950176547,1
"LNP_0382",126.082362537272,8.42130407691002,0.241891848202795,0.487290647470649,0.317914116221124,0.194795236308227,0
"LNP_0383",87.2709394432604,3.50724762305617,0.452969211526215,0.409844140525844,0.415664576052503,0.174491283421652,0
"LNP_0384",126.919391122647,-7.02812574803829,0.130321143381298,0.468419159474284,0.37064410680533,0.160936733720386,0
"LNP_0385",103.76771830488,4.90683684591204,0.453316476661712,0.402516539116349,0.497943132326687,0.0995403285569632,0
"LNP_0386",141.399544966407,8.85197723750025,0.17528873430565,0.539714446840633,0.274654921825898,0.185630631333468,0
"LNP_0387",68.5296441894025,-1.58433248754591,0.186026698723435,0.435040565857467,0.394398361108528,0.170561073034005,1
"LNP_0388",78.2218417385593,-4.04553843662143,0.447812916617841,0.490429386505854,0.447633085021398,0.0619375284727476,0
"LNP_0389",59.4962413189933,-4.81146659702063,0.124335222505033,0.498313943113877,0.333967020552687,0.167719036333436,0
"LNP_0390",71.0487079108134,-5.54237366188318,0.193959840293974,0.467530058470566,0.366288509898446,0.166181431630987,1
"LNP_0391",147.709899628535,1.3130868691951,0.497206205129623,0.529635774437,0.396302664257492,0.074061561305508,1
"LNP_0392",79.6302175382152,5.13300265651196,0.37127909110859,0.573319905555194,0.241740760134873,0.184939334309933,0
"LNP_0393",122.598302690312,3.39207091834396,0.274194720201194,0.53627381818931,0.390926433489867,0.072799748320823,0
"LNP_0394",128.568783425726,0.930455885827541,0.250923976767808,0.559789602034662,0.360942677076077,0.0792677208892611,0
"LNP_0395",60.5417746119201,6.22927315533161,0.284473609738052,0.548722230853197,0.401914159771514,0.0493636093752883,0
"LNP_0396",73.95946290344,5.18333604093641,0.420740748662502,0.467512104139958,0.428876971356799,0.103610924503243,1
"LNP_0397",77.0544872386381,-9.59863067604601,0.365186790097505,0.499882333505047,0.325683510873948,0.174434155621005,0
"LNP_0398",60.105849406682,-2.38192599732429,0.286401465628296,0.522928186416402,0.337576614000767,0.139495199582831,1
"LNP_0399",61.791384126991,-8.98239772766829,0.121303774602711,0.429607762618918,0.43072407169598,0.139668165685102,0
"LNP_0400",149.123655585572,5.95805874560028,0.194879167340696,0.495705309257185,0.440676854315753,0.063617836427062,0
"LNP_0401",148.605429730378,8.47398426383734,0.193295895028859,0.437921098113555,0.376650676137598,0.185428225748847,0
"LNP_0402",63.7067471398041,0.85196740925312,0.192261440306902,0.452679079694904,0.402329102649584,0.144991817655512,0
"LNP_0403",140.530958166346,7.04729200340807,0.124690509587526,0.462535796356836,0.350311279599969,0.187152924043195,0
"LNP_0404",107.630183757283,1.67125726584345,0.298847443703562,0.519297483502916,0.39611525807244,0.0845872584246436,0
"LNP_0405",89.5448859082535,3.36647287011147,0.197650035470724,0.457822096259145,0.383191791946701,0.158986111794154,0
"LNP_0406",94.9802484130487,0.226291930302978,0.403274215571582,0.516308419445917,0.33083055585591,0.152861024698173,0
"LNP_0407",120.650190114975,5.25501178577542,0.318921071011573,0.508315737949552,0.301515003255996,0.190169258794452,1
"LNP_0408",58.2502745790407,8.0672457581386,0.479226758517325,0.520048761372662,0.37298111705139,0.106970121575947,0
"LNP_0409",83.9312580181286,6.40949024353176,0.134468876942992,0.508145797260696,0.395910904311589,0.0959432984277152,1
"LNP_0410",118.078755121678,-8.57136300764978,0.479153033997864,0.500417119394206,0.340842396143601,0.158740484462193,0
"LNP_0411",81.6949248081073,-9.92207313887775,0.388959547225386,0.386249616932109,0.449666635835189,0.164083747232702,0
"LNP_0412",133.156859804876,-8.95602768287063,0.468801841884851,0.495458933389386,0.388267551279432,0.116273515331182,0
"LNP_0413",71.5172082651407,7.33120359480381,0.345536377467215,0.522843182436784,0.297070798296147,0.18008601926707,0
"LNP_0414",99.7948936186731,1.52490337844938,0.164386600535363,0.59286966262149,0.295087133582735,0.112043203795774,1
"LNP_0415",77.6049672625959,-3.72314855922014,0.173176276870072,0.452985436361898,0.379267989058194,0.167746574579908,1
"LNP_0416",69.2023318726569,9.18931567575783,0.392073424812406,0.471949613880638,0.344049794220139,0.184000591899223,1
"LNP_0417",145.062126405537,1.82387514039874,0.335810260195285,0.435404093621938,0.368263507756459,0.196332398621603,1
"LNP_0418",82.1725537767634,0.628186715766788,0.224992945045233,0.513433324492682,0.33151381176361,0.155052863743708,0
"LNP_0419",97.8456383803859,-2.32126656919718,0.40911775957793,0.516176699840256,0.345445278826466,0.138378021333278,1
"LNP_0420",52.799257193692,-3.60893541015685,0.234519280865788,0.449504216998868,0.369678945333848,0.180816837667285,0
"LNP_0421",104.745946801268,6.16772510576993,0.442270676419139,0.55096599712575,0.369403919982198,0.0796300828920521,0
"LNP_0422",114.4240220543,-9.16161003056914,0.332211397401989,0.459097873291055,0.404897766287596,0.136004360421349,0
"LNP_0423",109.626354463398,-2.72514610551298,0.266289060562849,0.553421391008186,0.29363391324062,0.152944695751194,1
"LNP_0424",82.1937375701964,7.13193933945149,0.473029114119709,0.535480185369827,0.3681371406079,0.0963826740222731,0
"LNP_0425",139.111431245692,3.95893156994134,0.285079536587,0.483107628328623,0.365495996982368,0.151396374689009,0
"LNP_0426",112.625694740564,3.68972945958376,0.139738531969488,0.51841368706957,0.407146265126652,0.0744400478037776,0
"LNP_0427",80.2904915297404,-3.0396989453584,0.286179745290428,0.525902389689867,0.298062491132276,0.176035119177857,1
"LNP_0428",88.8204663759097,1.09363658819348,0.493633543048054,0.376300626226774,0.427976831045156,0.19572254272807,1
"LNP_0429",66.0475092474371,-7.25512764882296,0.470109146367759,0.497859894252592,0.348438896341085,0.153701209406323,0
"LNP_0430",136.255189753138,5.69863112643361,0.274159505404532,0.517570974522356,0.350803814426975,0.131625211050669,1
"LNP_0431",145.310121378861,7.73725143168122,0.44788828631863,0.480002041810428,0.407452038502435,0.112545919687137,0
"LNP_0432",106.364468345419,-5.9180823341012,0.220141668710858,0.535225099038501,0.382391722134795,0.082383178826704,0
"LNP_0433",82.9547413391992,5.41245922911912,0.419189052470028,0.489536002420157,0.345850923414687,0.164613074165156,0
"LNP_0434",149.661721871234,1.92725921515375,0.420204284787178,0.437171543378177,0.484909796585608,0.0779186600362149,1
"LNP_0435",73.4819675795734,9.15339484810829,0.254770278465003,0.458820126352804,0.334350291108119,0.206829582539077,0
"LNP_0436",111.267196526751,-6.82623204775155,0.252635878045112,0.458246752166746,0.418514591459732,0.123238656373521,0
"LNP_0437",60.817852942273,0.519485482946038,0.358206245675683,0.532797285146388,0.313021145123866,0.154181569729747,1
"LNP_0438",98.7032569944859,7.46302735060453,0.444666981697083,0.528193881168458,0.368890294205771,0.102915824625771,1
"LNP_0439",59.9445823347196,7.39412140566856,0.362653068359941,0.551493517734522,0.342859771959049,0.105646710306429,0
"LNP_0440",66.116576269269,-9.52622713521123,0.306530429422855,0.499445715557349,0.37975760733045,0.120796677112201,0
"LNP_0441",78.2992870779708,9.5177938695997,0.159512633364648,0.494879960790569,0.394004435806761,0.111115603402669,1
"LNP_0442",108.387233596295,-0.195516035892069,0.345106361154467,0.468929058018287,0.331895852477489,0.199175089504224,1
"LNP_0443",123.170765885152,-2.21659353934228,0.116786727588624,0.505878536781589,0.402702763450364,0.0914186997680462,0
"LNP_0444",66.5520911104977,-1.64890080224723,0.299343597050756,0.616898733092401,0.312095598830282,0.0710056680773177,0
"LNP_0445",136.646776320413,-8.14148359000683,0.395803288649768,0.52784045790512,0.364193918354164,0.107965623740716,0
"LNP_0446",120.857413718477,-6.76381579600275,0.401559911761433,0.479452027645906,0.357315232313289,0.163232740040804,0
"LNP_0447",126.039953622967,-1.89167009666562,0.12523749647662,0.478247856173742,0.376750714244505,0.145001429581752,0
"LNP_0448",64.7084108553827,-3.16371111664921,0.276992773357779,0.554915681635508,0.281882531881815,0.163201786482678,0
"LNP_0449",85.8056963421404,-1.6948509356007,0.30026867967099,0.598698499676246,0.342006278828472,0.0592952214952825,1
"LNP_0450",117.333248141222,-3.91895061824471,0.208097240142524,0.460090295400765,0.406390611478725,0.133519093120511,0
"LNP_0451",102.382260165177,1.20561074931175,0.33952085962519,0.450866618673013,0.482386089049124,0.0667472922778629,0
"LNP_0452",84.9801792763174,-6.88251698855311,0.39433505050838,0.53983006800923,0.317440389182034,0.142729542808736,0
"LNP_0453",74.0530701586977,9.1315952828154,0.385431124735624,0.468765485926017,0.322169506291227,0.209065007782756,0
"LNP_0454",55.819179629907,-9.12066749297082,0.146597174741328,0.46276167792398,0.449145121518902,0.0880932005571174,0
"LNP_0455",73.6619742121547,-2.55684514530003,0.330048247333616,0.482610253342971,0.425141410073868,0.0922483365831605,0
"LNP_0456",139.007791317999,9.25230682827532,0.419252794887871,0.427528823397705,0.408425262036736,0.164045914565559,0
"LNP_0457",131.182741606608,2.90855031460524,0.192729518655688,0.504317872832151,0.433341786247026,0.0623403409208234,0
"LNP_0458",124.751632218249,-8.77474771346897,0.389942330215126,0.537390808135651,0.297239699188411,0.165369492675938,0
"LNP_0459",65.4911725781858,-1.80108143016696,0.43520927913487,0.496450397717376,0.383622494640556,0.119927107642068,0
"LNP_0460",62.4742088606581,-1.48189731873572,0.147535428311676,0.491572409407605,0.43001771642779,0.0784098741646055,0
"LNP_0461",147.472580848262,0.163161694072187,0.483580158650875,0.556838496287352,0.269763949532615,0.173397554180033,1
"LNP_0462",93.6129996087402,-1.00800178479403,0.399105833750218,0.477647912702742,0.431320381918687,0.091031705378571,1
"LNP_0463",96.4016626821831,2.46522767003626,0.424355791509151,0.386679917522765,0.449676804165677,0.163643278311557,0
"LNP_0464",66.529808123596,-7.20044137910008,0.175967089366168,0.499133876751273,0.358822093798675,0.142044029450052,0
"LNP_0465",108.493655733764,8.15892801620066,0.110387510992587,0.477196208333508,0.36132974171278,0.161474049953712,1
"LNP_0466",77.077801944688,1.38886549510062,0.445512916892767,0.526246112429754,0.380303940182633,0.0934499473876125,1
"LNP_0467",73.0096920393407,0.965611478313804,0.46767194615677,0.492253285244461,0.29697368353357,0.210773031221969,1
"LNP_0468",119.120783149265,-7.66344754956663,0.155051195155829,0.524648837229869,0.392055163525517,0.083295999244614,0
"LNP_0469",78.2852399628609,5.24056664668024,0.291059448756278,0.583361491699116,0.333655336077519,0.0829831722233649,0
"LNP_0470",131.039806618355,-0.432611065916717,0.285184600111097,0.585288750464472,0.308553245349096,0.106158004186431,0
"LNP_0471",59.3916607089341,5.63937829341739,0.380071444436908,0.490802522427584,0.309241228023927,0.199956249548489,0
"LNP_0472",132.203007116914,-9.07946902792901,0.126229960471392,0.591932171634247,0.295921664038959,0.112146164326794,0
"LNP_0473",92.7428280701861,6.39689335599542,0.393215997330844,0.527944754910154,0.368251442807204,0.103803802282642,1
"LNP_0474",125.588725972921,-4.61183105129749,0.258372636139393,0.53075796171385,0.40186559458671,0.06737644369944,1
"LNP_0475",116.238550655544,-4.34299170970917,0.284595137927681,0.552491199830619,0.320999510955145,0.126509289214236,0
"LNP_0476",94.4527396932244,2.86443118937314,0.390119745302945,0.52316596548,0.356541447406992,0.120292587113008,1
"LNP_0477",112.714618444443,8.96237675566226,0.288001058809459,0.392232738003467,0.406696385710438,0.201070876286095,0
"LNP_0478",50.0465349061415,-9.86003091093153,0.499809591006488,0.547913910838948,0.361295070298924,0.0907910188621282,0
"LNP_0479",71.7243514023721,-2.96764655970037,0.438374316692352,0.497445002433955,0.354382636381239,0.148172361184806,1
"LNP_0480",120.48722456675,-1.61908550187945,0.431282921507955,0.518653265821846,0.410247313247181,0.0710994209309734,1
"LNP_0481",71.5166488196701,-0.842464058659971,0.404657737724483,0.536960837837878,0.296424013667027,0.166615148495095,0
"LNP_0482",131.393372127786,4.23385158646852,0.144842596724629,0.539769281092417,0.362330211956587,0.0979005069509966,1
"LNP_0483",80.7763874297962,8.39696115348488,0.435590807721019,0.446305591772276,0.472528282092147,0.081166126135577,0
"LNP_0484",118.774268566631,2.54221401177347,0.425540209654719,0.513963447226088,0.385380176701522,0.100656376072389,0
"LNP_0485",143.268107902259,8.04363556671888,0.496564877685159,0.500907043952625,0.419558046902986,0.0795349091443889,0
"LNP_0486",61.5779664833099,5.14658318366855,0.119325809925795,0.450082839604722,0.32736673629646,0.222550424098818,0
"LNP_0487",62.7705687889829,-7.24283268675208,0.398715164978057,0.480046473152281,0.310200189014604,0.209753337833115,1
"LNP_0488",117.822385742329,-6.93490243982524,0.267725408636034,0.495232733624474,0.40150322913417,0.103264037241355,1
"LNP_0489",92.894859588705,-6.1737562622875,0.332857558876276,0.576193392417098,0.343405560486484,0.0804010470964186,1
"LNP_0490",133.440097793937,-1.33629718795419,0.432293624896556,0.432980786137072,0.410577431693677,0.156441782169251,1
"LNP_0491",147.143806680106,-8.25561396311969,0.105412250943482,0.464989156910488,0.397583928883304,0.137426914206207,0
"LNP_0492",57.0488977711648,-5.52439997904003,0.10460870526731,0.492014810865802,0.380247771702329,0.127737417431869,0
"LNP_0493",95.978519320488,1.44297359045595,0.49857828291133,0.51263961187414,0.331063669156799,0.156296718969061,0
"LNP_0494",120.158511842601,-1.99661643244326,0.406275866832584,0.425405822751866,0.473497626593823,0.101096550654311,1
"LNP_0495",58.6940167937428,1.30930761341006,0.225865044258535,0.395562267233499,0.416400247233389,0.188037485533112,0
"LNP_0496",149.294401612133,6.59247757401317,0.424804697744548,0.539486180355676,0.394128145777187,0.0663856738671364,1
"LNP_0497",75.3098994027823,2.8422763897106,0.49648768696934,0.409418798928009,0.417925204391451,0.172655996680539,1
"LNP_0498",54.9538435647264,-2.17002496588975,0.180303837172687,0.593177248493121,0.340596745820796,0.0662260056860829,1
"LNP_0499",118.632494681515,4.19159709475935,0.358414888102561,0.476205595470471,0.401908567452223,0.121885837077307,1
"LNP_0500",128.69273526594,-7.82351853791624,0.275020291563123,0.517795843999975,0.311875833075271,0.170328322924755,0
