"sample_id","interferon_response","inflammatory_response","antigen_presentation","adaptive_immunity","stress_response"
"SAMPLE_0001",8.65656422799958,8.14785653514727,9.91606451164571,9.61967806849404,6.47859694144495
"SAMPLE_0002",8.97545302058913,8.41773567799796,8.75629200787659,8.48611567732424,8.84247731412522
"SAMPLE_0003",8.55670786279456,7.8988478040158,10.021491142077,9.72837688426449,6.90482386139888
"SAMPLE_0004",9.17583780863217,9.12886218833523,8.2285241988622,8.16741485288294,8.49229016618767
"SAMPLE_0005",9.1449646322074,8.64953775626037,9.01062289607227,8.60400505048153,7.57899283115298
"SAMPLE_0006",8.37779251265066,7.91754033015922,10.3347700359581,9.60991336699179,6.53739359793531
"SAMPLE_0007",8.61142376955551,8.89806366102175,6.7055495349296,6.99058614693377,8.4877870857784
"SAMPLE_0008",8.87226177962198,9.04223577522555,6.0543230179049,6.2308504489545,8.61720422310673
"SAMPLE_0009",7.52282115801452,7.15918137756787,10.1267226313466,9.32879540917278,7.35422850704289
"SAMPLE_0010",8.61492919499582,8.48036851398279,9.4401096234343,9.08715098488407,7.10494321023018
"SAMPLE_0011",8.320860965991,8.20900710846825,9.01746455367963,8.77829635954354,7.14056049597897
"SAMPLE_0012",9.35944688933888,8.75462749452673,7.52542936858358,7.40132849515546,7.49140089735522
"SAMPLE_0013",10.7982052096833,11.2284638088188,7.25567116952863,7.24569562500115,10.2754032742369
"SAMPLE_0014",10.1613715567163,10.3816945889222,8.92889290141004,8.81226637796647,8.88369549584337
"SAMPLE_0015",8.77081878931894,8.52533844083165,8.74648511816748,8.71735521977467,7.01629500978217
"SAMPLE_0016",10.8257956312572,10.6997769194654,6.87433477220795,7.25532026730371,9.2717330157412
"SAMPLE_0017",7.8330697032706,7.30482742304138,9.58161634592165,9.53245534193327,6.49359940589424
"SAMPLE_0018",8.79182222237807,8.58607196695669,9.21543725252228,8.68601767021915,7.65959651302739
"SAMPLE_0019",7.83317852150788,7.49514662383559,8.16094578193249,7.78921036658659,6.76100473182118
"SAMPLE_0020",8.71826344521689,8.32525753634618,8.81883904479374,8.65210371242712,6.9948463561904
"SAMPLE_0021",9.76353538949314,10.1682930786886,9.6800981230249,9.10153427157202,8.72033034996521
"SAMPLE_0022",8.31208926833705,7.93828758484082,8.30961024073014,8.4183228862346,6.22744345092123
"SAMPLE_0023",7.98301509598399,7.91809080993457,7.0454175199616,7.53002859209776,9.26689709866748
"SAMPLE_0024",7.79509382106268,7.52778901945487,10.0115345738187,9.51709785503365,7.13683400334446
"SAMPLE_0025",7.31817476711081,6.70993339872628,7.53823080327923,7.6775750483067,9.76024957222493
"SAMPLE_0026",8.31967831966601,7.92802142710766,8.76902371942115,8.26668569913554,8.92708264208762
"SAMPLE_0027",8.00015464851986,7.75352737633721,9.1149412642396,8.673930262241,8.48634234928592
"SAMPLE_0028",7.53522681699296,7.39738657510857,6.46789066360101,7.17654438718147,7.29299492813862
"SAMPLE_0029",7.70067534497903,7.66103934334988,9.49514025016578,9.00393587884021,8.72652637026275
"SAMPLE_0030",8.77489175658249,8.23282066767272,8.75107116275892,8.79807601016089,7.49944123668907
"SAMPLE_0031",8.04858732117703,7.37298692545796,10.3152813016639,9.9857579817058,6.31195654106704
"SAMPLE_0032",9.05141005226455,8.98057931005668,8.75486307949784,8.64685883588117,7.5116406981157
"SAMPLE_0033",8.24978283684779,7.72081728404669,10.1751195186969,9.28833875901015,7.97971891743949
"SAMPLE_0034",9.63444986011869,10.0668402384078,8.05220838735477,7.99908840498722,9.33413371581928
"SAMPLE_0035",8.12236005733604,7.55557865491742,7.54840947321753,7.80908238484285,8.37360882917813
"SAMPLE_0036",7.44876912501725,7.1195044425468,7.70267505849736,8.06400835323834,9.38468749368478
"SAMPLE_0037",7.7954743849894,7.33366145593624,7.9636353550485,7.62404856833851,8.64082212643853
"SAMPLE_0038",8.02787393760272,7.66667223701026,9.17941779145258,8.49898434556346,7.92520995437145
"SAMPLE_0039",8.02823664244626,7.81365836424861,8.89509821438457,8.73656208267593,8.73802979232231
"SAMPLE_0040",8.87458794244928,8.69378626735393,10.1024609725134,9.66384388091519,7.98678141790447
"SAMPLE_0041",7.82308659213954,7.43012862820361,9.266919188679,8.8283829679821,7.16613772820048
"SAMPLE_0042",8.84781302239022,8.15363795095768,8.11089314655793,7.96468649873913,9.3110487042167
"SAMPLE_0043",9.15126528551532,8.73627313533503,8.56482774125149,8.28220159395677,7.52076513819469
"SAMPLE_0044",8.42386248228479,7.91503274935638,8.94581773732849,8.88736031372011,7.10858823102626
"SAMPLE_0045",9.17725273198404,9.33329396496305,9.03332124977012,8.78747529399181,8.34855134315908
"SAMPLE_0046",7.80708330177683,7.65692159923912,7.70371650242384,7.67590189230385,9.42717877874987
"SAMPLE_0047",8.49266430756573,8.15875517455034,10.3332299848934,9.85502670919272,6.35106295951515
"SAMPLE_0048",7.45826129281122,7.45890287267776,8.55972384575479,8.33168411093344,7.58592706956997
"SAMPLE_0049",7.62677631873036,7.22716263272035,8.95485955954066,8.93982228092045,7.60852316135165
"SAMPLE_0050",8.48962075490086,7.94105182032973,8.56232272301401,8.49275654729037,9.16272252576708
"SAMPLE_0051",8.39139106435132,8.31933221121724,8.74241691663885,8.47357310502764,7.09621633398552
"SAMPLE_0052",9.07766607902515,8.85065869045499,9.42616322401353,8.5947118257392,6.93767170893569
"SAMPLE_0053",8.97902865663438,8.45777384037302,9.36459109235586,8.94680369978021,7.82242667783409
"SAMPLE_0054",8.81107172459229,8.06285113134767,8.62041775103789,8.33447678223598,6.27374645365783
"SAMPLE_0055",8.68771745446233,8.2092269473301,7.51638787838074,7.84901092770842,7.86923054378644
"SAMPLE_0056",7.64472643332353,7.41824235912992,8.1382162490846,8.12319829432298,8.40861161317367
"SAMPLE_0057",9.8475587688991,9.90135907310185,7.46169851080834,7.65711344881202,9.15706112887261
"SAMPLE_0058",9.66449639025733,9.89664663582721,6.3025829306014,6.67002867264877,9.53022076963262
"SAMPLE_0059",8.47768289126332,8.40991378849471,6.47316822678311,6.80118543450514,8.16848779323234
"SAMPLE_0060",8.59777566351238,8.10559068534512,8.40505351697972,8.31326503999974,7.5761947182009
"SAMPLE_0061",8.23803906294666,7.75179026513498,8.22844095174234,7.94296430524674,7.33222123322001
"SAMPLE_0062",9.13593980884772,8.86340798604657,9.35033939511094,9.21353135599275,7.85507419947123
"SAMPLE_0063",8.60705599232056,7.87485738137403,8.15127443269899,7.75196304672812,7.83852121041086
"SAMPLE_0064",7.30946553384083,6.88316676641066,8.69734157424413,8.71975870570328,9.11940649041838
"SAMPLE_0065",8.97936823927759,9.18102533694649,10.2181871337515,9.55799320489126,6.92162348528814
"SAMPLE_0066",9.45426201840565,9.54710424357566,5.90243549160123,6.20359384043805,9.28934222354859
"SAMPLE_0067",8.88976171190239,8.64647772739181,8.12729782440245,8.24498591198817,8.34330890983735
"SAMPLE_0068",8.31555932035041,8.11372764610278,8.1752347183632,8.28233777790768,7.02053084170612
"SAMPLE_0069",8.2263296036074,7.84209040293259,8.77338638204166,8.53616265254236,7.79699452313847
"SAMPLE_0070",8.69626977906465,7.81579148246516,7.32450141545363,7.51036614177796,5.93582842899578
"SAMPLE_0071",8.10434304859338,7.71322725720073,9.24664240162586,9.06830055156892,6.6162007793316
"SAMPLE_0072",7.73399075403562,7.66134394357193,9.19994722645474,8.69262292133342,7.03253340963674
"SAMPLE_0073",7.72778142193901,7.36603660830159,9.66921291341212,9.51195834368166,6.42631190258976
"SAMPLE_0074",8.36725891620015,7.92992451512085,7.74301134412523,7.53476005769747,9.64397694068954
"SAMPLE_0075",8.75912916629368,8.25627438395513,8.77954501741478,8.35334331485594,6.88258884279924
"SAMPLE_0076",8.48757062707027,7.97360029592506,9.41424772268153,8.68855808865088,6.34480308746779
"SAMPLE_0077",8.0139798066395,7.44942575066757,8.61592017408561,8.44642619034928,9.06012629591938
"SAMPLE_0078",8.84147197816566,8.50909356267369,10.3612644273757,9.37368905343517,7.2020166837391
"SAMPLE_0079",9.61712297541365,9.47165271367676,8.60957515010743,8.37340631552519,8.84598410806615
"SAMPLE_0080",10.4296580154976,10.4126871720099,6.85462570180544,7.32576877802474,8.98349201954228
"SAMPLE_0081",8.31321726075451,8.19745941751459,8.05887517017547,8.06931206609158,9.15757758144044
"SAMPLE_0082",7.75513988199797,7.60730559199461,7.7401612716752,8.0670231943181,7.60274957161343
"SAMPLE_0083",9.37132965923416,9.48066495612055,8.9743309110431,8.91460651133995,8.9272557640427
"SAMPLE_0084",7.5593997717288,7.2332909543103,8.42136587889383,8.34258117122378,7.33639747638634
"SAMPLE_0085",7.40397237937215,7.07193632290481,6.23211322080974,6.372423952593,9.05401158856701
"SAMPLE_0086",8.90665410653765,8.14050043687159,6.55907257845482,7.20739677615234,7.59130086556992
"SAMPLE_0087",8.42327848590985,7.59411026383046,9.69846022773877,9.31860565196846,5.97046175736858
"SAMPLE_0088",8.18162228214668,7.54745760883515,8.42983850951287,8.25073878421075,7.17637343193637
"SAMPLE_0089",8.81243044527915,8.17808859880906,7.18329791649755,7.40183646092716,6.88505642387199
"SAMPLE_0090",8.03660165190968,8.00878487456783,10.1536525413907,9.50711769484191,6.51414955401598
"SAMPLE_0091",8.3759327758863,7.89623819276929,8.26700491797902,8.23016748299089,9.63180132198931
"SAMPLE_0092",7.93988558449593,7.92755248599002,9.64977978473999,8.97654256852371,6.76931290749199
"SAMPLE_0093",8.84641466221813,8.2964509707813,8.76283258042359,8.4582665687002,7.84141699791817
"SAMPLE_0094",8.13530330289234,7.99314472913947,8.2386712130296,8.09666026965705,6.74782417869823
"SAMPLE_0095",9.81568019552715,9.7516751497346,6.88332015055144,7.17029447816414,9.22184776142601
"SAMPLE_0096",9.89576817644769,9.63645357459848,8.74264039592085,8.3431741316018,7.98335400482355
"SAMPLE_0097",8.39542787262014,8.27766277708516,8.10700479059097,8.0837620292934,9.08189610726185
"SAMPLE_0098",8.62440977198333,8.62183899384873,8.23970726085135,7.97820899814951,7.41760058186171
"SAMPLE_0099",8.5991674741504,8.68689339505746,10.3968673356471,9.93236055765058,6.41820103969436
"SAMPLE_0100",7.60428044715082,7.24504208932645,6.2925952754777,6.39699037092088,9.02471458959843
"SAMPLE_0101",8.02516065005518,7.56942924344476,6.40390040009776,6.97815732277025,8.51057085515134
"SAMPLE_0102",7.41116364321338,7.27221763140919,9.12073786974613,8.94324950659211,7.41833551765184
"SAMPLE_0103",10.4795994476104,10.1578301622238,8.16796194053444,7.81136189436655,8.66031033964823
"SAMPLE_0104",8.68156729005429,8.63750777579693,10.3886156554641,9.50761803405246,7.0350660475203
"SAMPLE_0105",8.06111249266749,7.57941007865493,7.45793199468339,7.43999050820138,9.53510639629134
"SAMPLE_0106",8.67359103748048,8.72445496728275,9.09379234519321,8.68946192089311,7.24904397600337
"SAMPLE_0107",8.89169060484171,8.66484739834599,8.48911022298272,8.13915164939501,7.41004716213095
"SAMPLE_0108",9.17801197941843,8.5950968884602,9.83847104166403,9.36332586593838,7.66541607028124
"SAMPLE_0109",7.86874480682918,7.43106576446768,8.62221075729328,8.59391213469181,7.75217094303389
"SAMPLE_0110",8.16515416927905,7.93596293087289,6.68485333751491,6.69503884991866,7.41325339989568
"SAMPLE_0111",7.75673303404916,7.64253120334256,7.39429804423852,8.06378219445093,6.21381490599106
"SAMPLE_0112",8.05164726238869,7.9481344032764,9.16055359346101,8.98002429124674,7.69799883622166
"SAMPLE_0113",7.562841079634,7.49653497964691,9.23295981054748,9.03279752374775,7.57182960971953
"SAMPLE_0114",10.6938164027691,10.6423469867206,9.42059705566808,9.07379871957815,8.59195614620111
"SAMPLE_0115",8.42740626832715,8.21254731329998,9.15076641536297,8.98096898653696,7.43849979524894
"SAMPLE_0116",8.55174611921667,8.16261434003516,7.54019096052781,8.28864978088173,6.5272237451055
"SAMPLE_0117",7.9899505501122,7.45080190971114,6.2574167259322,6.28765144210523,7.38842890060784
"SAMPLE_0118",9.10748359339472,9.21752894995189,7.29903281976282,7.62786057103219,7.96988890899082
"SAMPLE_0119",9.1607771063207,9.20071428627923,6.7627437709628,7.43358382903707,7.9710621315507
"SAMPLE_0120",8.36557540106036,8.14657413776411,8.57158185973667,8.41043775800941,9.08346685886552
"SAMPLE_0121",8.16394643486614,7.61955790443594,8.09203495345684,8.30537181270877,6.3055619642147
"SAMPLE_0122",8.94586146975986,8.6911215799234,8.884957205396,8.60419753235482,7.44614261434669
"SAMPLE_0123",8.13793604827467,8.0117984592638,7.57184442584888,8.03115600418266,6.77693511032771
"SAMPLE_0124",10.893923299649,10.9995114639973,6.58117351548795,7.16319629560602,9.80903123107166
"SAMPLE_0125",10.0049924128575,10.2485965877919,6.9331445716802,7.4285583223634,9.89973833285682
"SAMPLE_0126",9.53224055844239,9.13520483193177,8.78486311351155,8.32513048003,8.65928765696024
"SAMPLE_0127",9.372103918505,9.00701415987449,6.32581610910007,6.98598621940408,7.42726133806798
"SAMPLE_0128",9.37875576077351,9.06288087069832,7.46014203904536,7.43139609384925,8.70013061314995
"SAMPLE_0129",7.99919348267175,7.79880705621302,7.52286482407296,7.97962072489093,8.33902448220171
"SAMPLE_0130",8.95039114799781,8.69084020787367,8.15610497610015,8.34741417108357,7.04758652116435
"SAMPLE_0131",9.11180808997437,8.45738393115248,8.61679890248598,8.22151207582573,6.76936961774197
"SAMPLE_0132",11.008764078581,10.8647460659137,7.31392705076092,7.87754688001438,9.54156408542245
"SAMPLE_0133",9.0306906969694,8.72121651023926,8.47514280990904,8.35650346689856,7.49842475127313
"SAMPLE_0134",8.6247577996833,8.21961298578388,10.694014137618,9.90194065715856,6.5788536254654
"SAMPLE_0135",9.19841689378526,8.97432367056961,6.18477159551941,6.3552900530169,8.03717968932181
"SAMPLE_0136",8.08662737477875,7.61861527761173,7.24445949936726,7.64233133051641,9.72014114168412
"SAMPLE_0137",9.69507904438264,10.2636835444623,8.39272102454791,8.65876761354678,8.64010213826876
"SAMPLE_0138",8.40473079904497,8.15245781157834,9.69630145219148,9.04565321390854,7.15522704131981
"SAMPLE_0139",9.04642522139292,8.94308476205474,9.26318622591622,8.94544532133575,6.64125827244566
"SAMPLE_0140",9.02244008145807,8.76526687917921,9.38772370164114,8.85723509690997,8.39854650266794
"SAMPLE_0141",8.46690186990414,8.20687441946454,9.14409465954508,8.92862863857482,7.34324672418236
"SAMPLE_0142",8.26174325509399,7.64349622936314,10.1715193085996,9.41873090748607,7.15392949971535
"SAMPLE_0143",9.74625118293487,10.0565305720185,8.00906518648426,7.69193513461416,8.49197613097554
"SAMPLE_0144",8.21179068876518,8.00493723434125,8.93177002256538,8.4083580297851,7.80780853562188
"SAMPLE_0145",9.36863462178731,9.61041966024754,8.87145621535613,8.95073457430664,9.19099386107018
"SAMPLE_0146",8.27921531873583,7.76707747635303,9.28983478394599,8.8143324092207,7.70159043657754
"SAMPLE_0147",8.78518904236813,8.79692396158338,9.82264225613291,9.14936729321624,6.95266328946772
"SAMPLE_0148",7.76670399363502,7.45672166979567,6.87805625912278,7.32187821486328,7.68442067800697
"SAMPLE_0149",8.61261624966148,7.9743558606724,8.94649992647811,8.73888791220967,7.57108078632643
"SAMPLE_0150",8.7657501752347,8.53618061130255,9.03216379719682,8.4189602417977,7.3018147159301
"SAMPLE_0151",7.85801760556265,7.38493657824886,6.70717822581125,7.22459113881415,9.57004520544708
"SAMPLE_0152",8.04592147072007,7.80179579868654,9.61590922739122,9.27207330630262,8.34064454457431
"SAMPLE_0153",8.33327411421968,7.58516013973719,7.00886344327939,7.49393795566875,7.18662337370467
"SAMPLE_0154",9.95339872187601,10.3260924884196,6.31095489575162,6.96456690457989,9.34218876833023
"SAMPLE_0155",9.16828774975081,9.06410261302135,7.10159614891158,7.16158753061389,8.39045455221551
"SAMPLE_0156",8.95555327551962,8.86573354744232,9.2042476791496,8.80076852498641,7.52613164470986
"SAMPLE_0157",8.89459073946304,8.44797682147633,9.48528656371893,8.95371929637404,8.54492175307368
"SAMPLE_0158",8.88272681360979,8.12007706379692,9.26144580723153,9.02069662189151,7.68122471237013
"SAMPLE_0159",7.76201543852215,7.34383824426698,9.92415861951306,9.65732889184245,6.0832434733695
"SAMPLE_0160",8.89048993521901,8.47681247644178,9.7642561716216,9.19606070249507,7.62545968780651
"SAMPLE_0161",7.67655126972936,7.6764448646281,8.96337531267195,8.48833384812152,7.99437294837234
"SAMPLE_0162",8.76001533184476,8.33609821055924,9.03860268465242,8.57221462159975,7.58952346778047
"SAMPLE_0163",9.55122518581809,9.66091350215749,8.31859469881475,7.97443622649349,8.42907031743896
"SAMPLE_0164",9.72037638371223,9.94634697549953,6.78142372965041,7.16008005577632,9.38412663721488
"SAMPLE_0165",7.84437751887831,7.60431466005982,7.92572466521872,8.4369729338788,9.60987143456798
"SAMPLE_0166",8.11485635956114,7.4086209060042,9.04640962574549,9.19861055060632,8.45599091322777
"SAMPLE_0167",9.0427609556006,8.54438665981906,7.8385722145876,7.92598046354984,8.37550596801823
"SAMPLE_0168",8.63157311332741,8.15511143078726,6.84781180334442,7.40078895054602,7.05361271046081
"SAMPLE_0169",8.07356823774361,7.8389474428943,10.0534851570597,9.42559742670558,6.03495639328838
"SAMPLE_0170",9.06077911679128,8.70260529417241,9.28680063970406,9.14704121250425,7.36758642327783
"SAMPLE_0171",8.90021379355531,8.97032760104645,9.3339453919699,8.53135662287899,8.21207921946456
"SAMPLE_0172",7.83696291402127,7.54511270841313,9.93139588558528,9.54066545863922,7.29556163901878
"SAMPLE_0173",8.92180817076209,8.67975512247159,8.88788245975892,8.27991996835568,8.14983880954894
"SAMPLE_0174",8.43887690060323,8.05837472455214,9.44405275414736,9.1427517234137,7.07867313162702
"SAMPLE_0175",8.84595723987688,9.35270766953772,7.62823600435078,7.77904101227626,8.4619222278459
"SAMPLE_0176",9.54528925036078,9.23149644599087,8.21683543178152,8.32143784487706,7.66473109224492
"SAMPLE_0177",8.74674864772471,8.19555566169146,8.40863513538511,8.43567137632552,7.41202798182753
"SAMPLE_0178",8.19626933822136,8.03979416577984,9.18372393210759,8.6633637145316,8.06083533964074
"SAMPLE_0179",8.9540420661327,8.87898995276538,8.46074899712233,8.10627106662686,8.54409658176827
"SAMPLE_0180",7.58033893464652,7.60410075706217,8.82562255343885,8.88750125496446,8.2392046322478
"SAMPLE_0181",8.16112469511705,7.50692826783018,8.63509288128969,8.43545004358995,9.06585273353385
"SAMPLE_0182",8.03508076992471,7.49885190325762,8.8762940559283,8.75038255289065,7.06898150860575
"SAMPLE_0183",9.94605833065354,9.9878814923051,6.70079360286054,6.89923297346933,9.07352484461464
"SAMPLE_0184",8.15584278811798,7.81946817540691,6.63789678056914,7.09786524874329,7.18791790994012
"SAMPLE_0185",8.76192928251705,7.93055304217824,9.37446543712141,8.58284277274613,8.25297310094978
"SAMPLE_0186",7.86523827997335,7.21666969445843,8.15041034740372,7.88232894833688,9.03158484078858
"SAMPLE_0187",9.64098490582868,9.89821484295724,8.24827175837885,8.14008376859277,9.05124484834082
"SAMPLE_0188",10.3359826616473,10.4249498176823,6.67580617997341,7.19992511322676,10.1130394692201
"SAMPLE_0189",7.49592182539339,7.49963365902667,9.56519947534288,9.13442978506438,7.08321643454306
"SAMPLE_0190",6.85631576258516,7.30647945931288,8.40816569004956,8.30960904431082,6.32124538940845
"SAMPLE_0191",8.31388376061335,8.33133978912732,10.2923722953475,9.49994235323361,7.06798631223289
"SAMPLE_0192",8.53094110720151,8.22232352959482,8.98116002948654,8.72306965385003,6.89579844390109
"SAMPLE_0193",7.43254261099564,7.57979012495549,6.72498342695528,7.31403564503965,8.51193022087133
"SAMPLE_0194",8.00808790967946,7.85195194730361,9.51486304894467,9.36634077572103,6.26847530973667
"SAMPLE_0195",8.28609899210536,8.08281691458015,9.17221149488022,8.57664359665796,6.42572383956762
"SAMPLE_0196",8.01728092443079,7.85799731143289,8.55135180699081,8.60813973947559,9.44931551438925
"SAMPLE_0197",9.45368070956403,9.30327416158758,8.57245058762694,8.23791590115375,8.64554920245188
"SAMPLE_0198",8.38249538376284,8.0478576050691,10.1033989982547,9.49433969099368,6.58879014425634
"SAMPLE_0199",7.58338490818142,7.37854973920967,8.60692032417437,8.2365953344796,8.63875108940969
"SAMPLE_0200",7.11784295507931,7.2510568880563,8.69839564896805,8.83662816220933,7.89252463140623
"SAMPLE_0201",7.79203652502992,7.22025009289141,8.42258829429248,8.30410277066059,7.00515899753332
"SAMPLE_0202",9.85870881873653,9.63759657809988,7.14475800501703,7.35267110353575,8.57077638469704
"SAMPLE_0203",8.83240608398746,8.03478356224883,8.19066275683885,7.93444567403231,9.18528856738455
"SAMPLE_0204",8.9741346285496,8.91359134959429,9.06709990519284,8.63463066016549,7.53801523315432
"SAMPLE_0205",8.89906538723126,8.56032188245491,8.7166348913739,8.43410775294734,6.94637065680629
"SAMPLE_0206",10.4920894431853,10.8758423753793,6.40287827743105,6.52996475274406,9.84108465167693
"SAMPLE_0207",7.5151475414531,7.6295257631719,9.11226873804934,8.89134960190049,6.1792577142806
"SAMPLE_0208",9.10972338487824,9.25296484099331,10.1066587435584,9.56485825524168,8.13358488847562
"SAMPLE_0209",8.33085768557467,7.5916127314622,6.8296252263439,7.40098666292476,7.49503452347433
"SAMPLE_0210",9.80868913676418,10.0263373000121,9.27317046239415,8.79816148967521,8.21611637873971
"SAMPLE_0211",8.01984260087068,7.45085629202554,6.66532842216072,7.39429514143365,9.53537592608775
"SAMPLE_0212",8.6150979998856,8.13037386259201,8.07137620661688,8.3701088688901,8.960528844197
"SAMPLE_0213",8.6769355381025,8.48832592527303,9.39554478291607,8.69685609382536,7.2266482679
"SAMPLE_0214",8.82896687748193,8.18406892992944,8.47378880986816,8.39297754377542,8.90166775284336
"SAMPLE_0215",8.29215600156269,8.2986122645553,10.0338023508775,9.95684666966383,7.19814581242635
"SAMPLE_0216",8.52274307846133,8.08699196906678,9.02354908268262,8.6416944383921,8.9188478852612
"SAMPLE_0217",8.89769310513706,8.47257959651862,8.36095379817576,7.9818514982634,7.95483282263533
"SAMPLE_0218",8.50466403626331,8.14763746773352,8.28006339775285,8.37873342809905,9.06963082639532
"SAMPLE_0219",8.03486250365258,7.47902215007008,7.33244254652504,7.44227505768191,9.50752847381403
"SAMPLE_0220",8.23172069414618,7.69554250735466,6.5647511842842,7.10555723284129,9.52683888057745
"SAMPLE_0221",9.37576892681754,9.54902681427509,9.08544120615913,8.79636977484254,8.44835584941125
"SAMPLE_0222",8.01465055490021,7.3987261744776,8.73562240355393,8.68405490581182,8.03130123249127
"SAMPLE_0223",9.37977323920691,8.82551367475417,8.97409401312097,8.84127249438617,7.54645410156444
"SAMPLE_0224",7.97543830174016,7.93171796739106,8.05868547745986,8.31840787825496,5.93672959937064
"SAMPLE_0225",8.48426546338557,7.80081556607631,9.46587054510597,8.702255758333,6.62112038298728
"SAMPLE_0226",8.63105467783151,8.2730606321973,8.38458043422419,8.32281595694964,7.15945441104194
"SAMPLE_0227",10.1487541280652,10.503342235773,7.29459784360696,7.67783869510786,8.9779301516662
"SAMPLE_0228",7.30139802353994,7.30909533589567,6.59383430786851,6.97089195929288,9.5862292101892
"SAMPLE_0229",8.9886659177678,8.6946900937462,10.4889398263827,10.1727656301201,6.65474768026023
"SAMPLE_0230",7.87390901778341,7.4592520448839,9.83449512813234,9.18487248230574,6.18375449225245
"SAMPLE_0231",8.11314243283086,7.76705573277993,10.2098847711907,9.70850907380137,6.19032737399924
"SAMPLE_0232",8.35252539399563,8.21233850177018,8.05379901358451,7.72812725161383,7.45193795618913
"SAMPLE_0233",10.5005182010118,10.6891075307213,8.40186793765324,8.65110017832966,9.20400616357096
"SAMPLE_0234",7.79999156637455,6.89705812396221,6.51931023149601,6.98232542457814,9.40848790958254
"SAMPLE_0235",8.70633469974634,8.78365992366161,7.78107376170254,7.85157329011294,8.17265802994588
"SAMPLE_0236",8.20529771586923,7.76744797930962,8.46071224005291,8.53542687541627,6.33623722614044
"SAMPLE_0237",7.5847636499288,7.10932974799359,8.10927652096315,7.97493753142472,8.76590841419232
"SAMPLE_0238",9.13484769164127,8.73958039809419,9.14422056332609,8.85504061908041,6.40319961592315
"SAMPLE_0239",7.9697309809304,7.66685628628511,6.82906181805648,7.44064402706934,9.80356702485295
"SAMPLE_0240",8.01467078077607,8.05640305275825,9.31562909531225,9.00294298170908,6.93716234705257
"SAMPLE_0241",8.23037414167946,7.97197661611633,10.5413966810991,9.737049980322,6.3226837006763
"SAMPLE_0242",8.19682459294437,7.46074275661158,6.89483637979987,7.21343594620461,9.58256871594818
"SAMPLE_0243",8.88480978333991,8.62630689273045,10.0215383107325,9.52156890022265,7.39066786730744
"SAMPLE_0244",9.70588004200737,9.89048799713499,7.09409888031672,7.75022546020439,9.49494904266408
"SAMPLE_0245",8.30949679577195,7.38683574799818,8.5164617880993,8.67653409645696,9.07773033240919
"SAMPLE_0246",8.50751170486588,7.94389847865599,9.99603590360053,9.31233147934717,7.00492903174711
"SAMPLE_0247",8.88364999492284,8.64105951799547,7.43937628147756,7.44299465014256,7.244107037367
"SAMPLE_0248",7.67037001274206,7.46985781859066,9.15029435413884,8.67109065714059,7.59486286499526
"SAMPLE_0249",8.0741268492526,7.75199936982076,9.28817360427622,9.20057378437474,6.5902460858774
"SAMPLE_0250",10.9178814878185,11.0235446332039,7.70294657666878,7.54623897949117,9.58773924798666
"SAMPLE_0251",8.53580981434737,8.81122206466246,8.04159668637197,8.17988227209518,8.00750334740298
"SAMPLE_0252",8.81728351156817,8.32886052840172,9.1661218037766,8.83266540521056,6.67948813646512
"SAMPLE_0253",9.85089669855835,9.82649719608738,6.34016478279599,6.69442778134822,8.69968622132972
"SAMPLE_0254",9.27067282457788,8.49814360944319,8.16478886093573,8.23686230948548,9.177289562671
"SAMPLE_0255",9.16100958631354,8.65802148442775,8.36758561235962,8.32613114896976,7.1375405949589
"SAMPLE_0256",10.9242624286184,10.8443352421527,7.39396703375403,7.73390394988443,9.60046556960814
"SAMPLE_0257",7.88312292952271,7.64353690381045,8.57293998806976,8.32782990953554,8.61721836651004
"SAMPLE_0258",8.54870926552937,8.24837543608107,8.75885458302688,8.31190527374026,6.73426137010481
"SAMPLE_0259",9.60485621236,9.28071487134174,7.04237143015927,7.59047022786627,7.33283163586028
"SAMPLE_0260",8.60493440753272,8.29517874516549,9.15395387323341,9.12588264644907,6.42052796487507
"SAMPLE_0261",9.2175908663924,9.73896375952578,9.14407319563073,9.17428313502575,8.63621538884687
"SAMPLE_0262",8.67625711820233,8.20815467419853,8.8892419356696,8.65750162199286,7.37650719200825
"SAMPLE_0263",9.25850044314545,9.01209201027524,7.93506684191162,7.79927188021188,8.47007398404854
"SAMPLE_0264",9.86974382162972,9.93298751960573,7.0261288937663,6.65916658328297,8.44585499855998
"SAMPLE_0265",8.10106378177194,7.89878246960772,8.48933130755526,8.42541379413258,8.26480380365272
"SAMPLE_0266",9.86904845708758,10.0906604869464,8.00527052428273,8.16294540376006,9.35887887379316
"SAMPLE_0267",9.08175871643161,8.66212699860073,7.83882639520132,8.27941318390082,9.41557297773399
"SAMPLE_0268",8.53444016863713,7.95239127969667,8.61434426400293,8.83808229743758,9.04077887998523
"SAMPLE_0269",8.30913639701814,7.67846847381094,8.44170482403844,8.20953574593907,8.49848048989842
"SAMPLE_0270",8.66281510617553,8.75957023444024,9.0321391918412,8.92617659276346,7.97684569040205
"SAMPLE_0271",9.78509777812282,9.99515842897414,8.31296611980639,8.14260415926114,9.64817281147834
"SAMPLE_0272",8.69971454467043,8.19796599490826,10.1552966900503,9.5731857153775,6.37601994720654
"SAMPLE_0273",8.26716291554759,7.70712846204829,10.4445781302269,9.65712579730858,6.59819925347298
"SAMPLE_0274",8.02443428237168,7.74200638155174,9.62694992751232,9.35671933898572,6.50686510589094
"SAMPLE_0275",7.46146640709172,6.9966016620719,9.22740554766214,8.95276565582807,7.72686616383121
"SAMPLE_0276",9.9986222467034,10.2558097838615,7.3455654780602,7.58416180871374,8.53286838939327
"SAMPLE_0277",8.79562188646479,8.60854906134196,10.4904337121194,10.0321593976555,6.35701040880523
"SAMPLE_0278",7.91635003333197,7.67114387503747,8.19114298354512,8.48172368904009,6.26729710933093
"SAMPLE_0279",7.76814159824359,7.41767911458943,9.4939706968961,9.16034704572482,8.59674238330136
"SAMPLE_0280",8.454453741103,7.85216578280737,10.5378063853584,9.80835002518553,6.58387123877013
"SAMPLE_0281",7.93778626892176,7.77064394702365,6.51084553162628,7.06615756979603,9.85236552175005
"SAMPLE_0282",9.2817878949734,9.17461971295951,9.37439450259069,9.39459626562624,7.70029449460092
"SAMPLE_0283",7.97674093409367,7.53274959698817,8.4038585599862,8.59483924489505,9.23101410066662
"SAMPLE_0284",7.52295263901319,7.20263255714096,7.32775771552484,7.78358405287233,7.2823902117061
"SAMPLE_0285",9.39695398531794,9.06624963446153,6.53149697271614,7.16701697111453,7.60469992645005
"SAMPLE_0286",8.04102646468505,7.70249738243261,8.04463746499091,8.15392061663726,7.29392261851336
"SAMPLE_0287",8.26774390215637,7.83207569816075,9.38672115109826,8.71622319656957,7.00825305122239
"SAMPLE_0288",9.86432154947235,10.100839574701,7.4530922028191,7.69377620382112,9.51068055577962
"SAMPLE_0289",7.88581500927608,7.60808617013037,10.3029311059976,9.9663235788363,7.16001724140244
"SAMPLE_0290",9.02555744684704,8.97245555314697,7.30090898593722,7.36267694838721,6.62788977145895
"SAMPLE_0291",10.0283093579091,9.61246281303873,8.00586822944787,8.01274612545112,8.24210023317143
"SAMPLE_0292",8.34788708876057,7.94078732910127,7.64248008495922,8.31295834948791,5.91878104865183
"SAMPLE_0293",8.1758101241146,7.7687413044475,10.6515648864794,10.0444202521847,6.44190444220424
"SAMPLE_0294",8.36962033841438,7.50299893979275,8.41227471852526,8.5197305181799,8.13816866773693
"SAMPLE_0295",7.86958901223695,7.60740263159058,8.93914456748433,8.49102078450777,6.90248416427106
"SAMPLE_0296",8.00073935423878,7.94416910626135,10.5752942068587,9.7805156780856,6.87188127699841
"SAMPLE_0297",9.39175855268883,9.86996883572578,6.16583942746166,6.27470936925187,9.82372637562821
"SAMPLE_0298",7.91939376597913,7.83445298297665,9.27972132715291,8.88012083970264,8.5806257328713
"SAMPLE_0299",8.3235201792217,8.01356651819473,6.99008008118765,7.71850437703073,6.79519528845498
"SAMPLE_0300",8.81740175389075,9.21528955386243,6.6767052429192,7.02738764068032,8.85360975008451
"SAMPLE_0301",8.21611976066711,7.87405195053827,6.29801115604182,6.57948971957616,7.56197646126203
"SAMPLE_0302",8.37137683015074,8.01956713089266,9.03221855858965,9.14638286665867,6.62028311097402
"SAMPLE_0303",10.0552918370028,10.6186636697157,8.51528542307142,8.71590111730028,9.56778990800382
"SAMPLE_0304",8.45807594070934,7.57672847272207,7.69562199521543,7.55246369647146,7.45219442540593
"SAMPLE_0305",9.3663977446785,9.24953270135924,6.49773318123504,6.41845321015627,9.11649077632748
"SAMPLE_0306",8.97814227194499,8.28517496509359,6.42599405005086,7.07153729580891,10.2026491662769
"SAMPLE_0307",7.73515632118647,7.50977900197489,8.35066730717642,8.32587006057903,9.2443072482573
"SAMPLE_0308",9.70232592663916,10.0068344896091,8.10417629297417,8.0433766790311,8.97322311849581
"SAMPLE_0309",8.29218083045866,7.53097723714214,8.09720000150345,8.19211007797211,6.65724021768297
"SAMPLE_0310",8.75687488962882,8.12972468539408,8.77903059944627,8.4304388579399,7.11976110514861
"SAMPLE_0311",7.98906249535669,7.87103569745663,8.83625824330155,8.44975940118019,9.56051605582406
"SAMPLE_0312",8.80203499087649,8.37511138639314,6.69873746042687,7.22004286606059,8.14774104119253
"SAMPLE_0313",9.06825526724265,8.69687180537526,10.1523265862349,9.46587679597917,7.85607819784244
"SAMPLE_0314",10.2105951762901,9.88017652989304,9.17593150030173,8.89022214799078,8.41109746753741
"SAMPLE_0315",8.61206549459593,8.06087055213685,6.87985014086666,7.0546594247736,6.3651308445666
"SAMPLE_0316",7.98408186001542,7.50268900052523,8.95391386210076,8.45365456894232,7.76400361415807
"SAMPLE_0317",8.25006102834683,7.85635671217234,8.79884601340729,8.68320895302549,9.20435625922165
"SAMPLE_0318",7.97471534032134,7.8282777050122,6.50666289137313,7.24822019259252,7.34679875926453
"SAMPLE_0319",9.27866998815258,9.32771780758452,6.28802506551931,6.49840363900069,8.96228747209935
"SAMPLE_0320",9.62803946159557,9.84944389860623,8.36799518413438,8.17612821598256,9.22265216437007
"SAMPLE_0321",7.40663175946039,7.09588413516846,8.48477269602163,8.41097640054846,7.07440476793568
"SAMPLE_0322",9.03368298858839,9.04673914630391,6.18765061757239,6.53425634596984,7.73432862531124
"SAMPLE_0323",7.45308073392363,7.28998342618491,9.41455826658579,8.74147150826489,7.17820390324296
"SAMPLE_0324",8.11994586090517,8.03490290391798,6.53917472227674,6.84684502584012,7.45943582811392
"SAMPLE_0325",7.57903703427904,7.58100710777208,9.71177097767962,8.95356145458277,5.96380017419164
"SAMPLE_0326",8.04112595732069,7.93701640525407,6.57270197685678,6.95778453890753,7.6126296606102
"SAMPLE_0327",9.28740954289277,8.91416261038532,6.50588562622296,6.83792120947959,7.98884965836374
"SAMPLE_0328",9.02436099528692,8.92848113343448,10.058581147103,9.37043472256147,7.69775290725743
"SAMPLE_0329",8.86646664332221,8.27953340686113,7.77418120818671,7.44408104058502,9.76735434100915
"SAMPLE_0330",8.11397623818921,7.62213094594208,10.2388908854033,9.85067864172991,6.33165830028596
"SAMPLE_0331",7.80565468677749,7.66965986497944,8.54550404799578,8.24519198622326,6.8290318368127
"SAMPLE_0332",8.77342102516558,8.16861097879331,7.4381054966522,7.76623128662436,9.48716529871599
"SAMPLE_0333",7.91994111917314,7.28084782723385,7.31564341957605,7.94266281973032,6.08100287351006
"SAMPLE_0334",7.72869094622045,7.39334039200932,8.09192253750244,8.1985653851362,8.90543463403729
"SAMPLE_0335",9.58437622552807,9.85832866821877,5.8980841024037,5.8645168377259,9.1572144626443
"SAMPLE_0336",10.0405744663091,9.9982867943374,6.57158809647506,6.54451720980888,9.08862668949845
"SAMPLE_0337",8.29034594923406,7.73866288103613,8.38699149049328,8.10084740251639,8.63022134894569
"SAMPLE_0338",9.6415959873525,9.1750734464289,7.83075514105753,8.10794486113895,8.05406685750005
"SAMPLE_0339",8.05738554284329,7.69245888092527,9.91983204154045,9.38709069252793,7.35881907910647
"SAMPLE_0340",8.59597624353189,7.79932610975924,9.37260849758049,8.99510055433978,6.88973435547261
"SAMPLE_0341",10.9438749945362,11.020273698994,6.94905420735115,7.55535286068247,9.46474714606101
"SAMPLE_0342",8.60636410996839,8.38375632133382,7.73283506951638,7.75878386832848,7.44066781078318
"SAMPLE_0343",8.94507668676634,8.56540417416624,9.15109417706132,9.0165510769827,6.65136926630507
"SAMPLE_0344",9.14377903065679,9.08368249814471,7.77839157460594,8.14008410573834,7.95814391884754
"SAMPLE_0345",7.67101288906705,7.55948145788495,6.40660106823014,7.16777992595758,9.2855681952888
"SAMPLE_0346",7.72478180532077,7.5598732423869,10.1921111010744,9.93041288398672,6.26416465356241
"SAMPLE_0347",8.46608867471615,8.13401628264937,10.6391784485071,9.81222997275236,6.15954221731028
"SAMPLE_0348",8.16101603817477,7.64649687608902,6.21080109861438,6.88060405227372,9.74963529422965
"SAMPLE_0349",9.49863977466891,9.96675889844061,8.40886678363804,8.3185900053108,8.81137978856192
"SAMPLE_0350",7.44995226032612,7.37676526286742,7.27766569770345,7.74528739471214,9.75380214675898
"SAMPLE_0351",8.87443962469438,8.6147115605597,6.40542444896697,6.81722446176973,6.74684479956059
"SAMPLE_0352",9.2163855518248,8.53503594030851,10.3759548515435,9.83494235649026,6.92030886310282
"SAMPLE_0353",8.40997931889114,7.85083511001087,10.1300591416965,9.729866690836,6.38485526885979
"SAMPLE_0354",8.53234917073996,8.06980574836078,6.78271652997004,7.07764341628868,9.23824444453663
"SAMPLE_0355",8.22445376626509,7.96760608034861,6.60363892607503,6.71483286237786,7.16504334217875
"SAMPLE_0356",8.24136909529862,7.86233180320762,9.08109051668851,8.88472756904626,6.77204023402591
"SAMPLE_0357",8.11676780457477,7.78880135116676,6.17594451866379,6.63861409828957,9.95583160995788
"SAMPLE_0358",9.03801675885184,8.66108891850808,9.22706793705759,9.08893873318856,7.8069811236126
"SAMPLE_0359",8.08679575425904,7.77057793494288,9.67696905743611,8.92773586047871,7.01685160776349
"SAMPLE_0360",8.63926888869118,8.00258497601763,9.08442694720395,9.02874552329289,6.42521896890744
"SAMPLE_0361",9.13252812415556,8.55812155804833,10.0632765306175,9.2095360344818,7.156947773578
"SAMPLE_0362",9.19639454942406,8.98251949501707,9.9250342164869,9.74463595779945,7.25196870370809
"SAMPLE_0363",8.13282681706823,7.51162873517215,8.69800745838,8.17019360407854,8.33205329369918
"SAMPLE_0364",10.5125952970896,10.8479211039438,7.91220691258136,7.94235723615751,9.85340356481123
"SAMPLE_0365",9.12620295300232,8.76750898905192,8.85264748779777,8.55260572707521,7.46728620722262
"SAMPLE_0366",8.40911215279266,7.82904420210575,10.2151829142812,9.76948633154576,6.56007539232714
"SAMPLE_0367",7.89229607121903,7.68687119474491,7.59625282882641,8.30031221231873,9.5039297059103
"SAMPLE_0368",9.80305134474977,9.00169790955305,9.84948695430432,9.67227355221752,6.73179092415288
"SAMPLE_0369",9.52861918907676,9.16624309692934,5.95006596442973,6.31897714824245,8.00733768255782
"SAMPLE_0370",7.89977142786923,7.68891294052695,6.84275849573881,7.24026086765094,8.38521351691407
"SAMPLE_0371",9.72537975180211,10.2208939517891,8.67725064290399,8.63915059725252,9.53355033843789
"SAMPLE_0372",8.21617490880615,8.11758588397729,6.85399198197425,7.52290220110543,9.43188203229893
"SAMPLE_0373",7.99688450413171,7.55034762479688,7.94993998695902,8.09711901576388,9.26312225331234
"SAMPLE_0374",9.43343713295046,9.28272262370107,10.1307812980816,9.2644842011113,7.32739704118377
"SAMPLE_0375",10.2494952569661,9.9125599653715,7.63444129746062,7.72588159527726,7.90826217409882
"SAMPLE_0376",9.41547309447108,9.10885430301188,8.49079903180746,7.98585295362502,7.43557384714998
"SAMPLE_0377",8.90537784425865,8.7456244368178,10.328495870258,9.32436565496709,6.50747632976536
"SAMPLE_0378",8.8941596749528,8.59692479017582,9.0663108455995,8.55619770183046,7.70687448558736
"SAMPLE_0379",9.78352431807772,9.22957659206152,7.19655408672062,7.84548317568492,8.60813371601888
"SAMPLE_0380",9.0478378134158,9.11488594344219,8.75768539061819,8.99021464187992,8.41140462715084
"SAMPLE_0381",8.24149563901953,7.95244794284987,8.81307280760859,8.83356368821083,6.68663295458289
"SAMPLE_0382",7.93701364593542,7.52672928386067,6.45646123977949,6.7329042037887,7.93151031797891
"SAMPLE_0383",9.28247378565194,8.35107084122189,8.4725187929389,8.67772373190059,7.57131142955616
"SAMPLE_0384",7.39908827782201,7.47473939273007,6.8909922978493,7.39446685736909,9.34088031310339
"SAMPLE_0385",9.37392317358794,8.61227800679379,7.96516141916345,7.93563106108559,6.63359916437358
"SAMPLE_0386",7.8710624291755,7.7096318907997,8.79254492877857,8.70404818796228,8.84670629568751
"SAMPLE_0387",8.8186840783355,8.13962726746885,9.31816637090703,9.05032482959694,6.23842607127371
"SAMPLE_0388",9.23516097991466,8.3210472547707,6.80132415194247,7.60257702035371,7.17345226356519
"SAMPLE_0389",9.33042359486072,9.40734160739202,7.50213868191599,7.71813313671436,8.31187833225672
"SAMPLE_0390",9.03995159081127,9.2540789362569,7.91048206930285,7.8836997159383,9.04199058206767
"SAMPLE_0391",7.53789899775449,7.33541483459056,7.80945053386935,7.53757016578078,10.0172848564878
"SAMPLE_0392",8.10336191218358,8.12804377380862,9.2951371575809,8.7580936557557,6.66452675433322
"SAMPLE_0393",9.76686629140116,9.63581809451626,9.20326644043605,8.81889926932137,8.24489311481351
"SAMPLE_0394",7.68417284813787,7.44169474386217,8.75065850458616,8.72961379695867,8.64067423859508
"SAMPLE_0395",8.2838623690825,8.21831867761497,9.6654160607941,8.97955786570077,6.88470715058801
"SAMPLE_0396",8.42785446262238,8.28999039869146,9.17215153063139,8.78559201699246,6.79634303520719
"SAMPLE_0397",8.06124209006028,8.25116838200004,6.36228402453075,6.48066686926276,8.4590047954238
"SAMPLE_0398",9.18687679691211,9.45513233811543,6.20898172143508,6.20628917881863,9.1710884076687
"SAMPLE_0399",8.37716216957304,8.31985216355606,9.95683398602049,9.77835600563542,6.85236477886947
"SAMPLE_0400",8.32226411565773,7.7269670116025,8.73698362230457,8.12146691525152,7.98730729150404
"SAMPLE_0401",8.42558315173655,8.70673757570988,9.08058634442001,8.93470772544363,7.63167380097227
"SAMPLE_0402",7.4978050299629,7.42990813754342,9.74091743501559,9.20869163986622,6.827817046947
"SAMPLE_0403",7.67363114354817,7.2434790744103,7.78845126655644,8.03537129039786,9.05197824304025
"SAMPLE_0404",9.1884979809924,8.65526533672178,9.1639842396739,9.28479050529279,6.55325004928395
"SAMPLE_0405",8.48436257451416,8.04587371485825,6.34708934547927,6.61593196219412,9.91367193692786
"SAMPLE_0406",8.99306001712364,8.7820973585828,9.16996958583463,8.47231132559908,8.18573624449533
"SAMPLE_0407",8.81763306275039,8.58718311888749,8.97562959317231,8.64098714923597,7.76382562285815
"SAMPLE_0408",8.62663943837635,8.57739633073033,10.276249300631,9.36610628987184,6.99941140877196
"SAMPLE_0409",9.51843061249735,9.91127964428508,9.16073150870592,8.9667121612283,9.2777652117773
"SAMPLE_0410",7.6916815545308,7.34730250019803,8.53117289845211,8.72304708933205,9.04699431046872
"SAMPLE_0411",7.85442818936911,7.07109712812531,9.51986890985735,9.33151785760194,6.6622454164476
"SAMPLE_0412",8.55956575178735,8.12975109404042,6.9105585003371,6.92544519245627,6.13323770713365
"SAMPLE_0413",7.33875454954495,7.14881810534251,8.52684850364712,8.41917142809381,7.4485154984578
"SAMPLE_0414",8.44973727350366,7.66834236220679,8.53837093175468,8.30287105959844,8.72950597081875
"SAMPLE_0415",8.91031813242373,8.82312663974916,9.3397902055369,9.09961575995655,7.62383972344866
"SAMPLE_0416",9.22651645435029,9.13680560871534,6.38768423268837,6.95089944226679,7.76288493141623
"SAMPLE_0417",8.03297979693975,7.84867921741142,10.3015297837245,9.84925758948178,6.44069350280273
"SAMPLE_0418",8.50086440510539,7.66798231996061,7.79911223297105,7.67644082838131,6.66353299159315
"SAMPLE_0419",8.93575858762426,8.73694901975833,5.80888342544849,6.16750502362776,10.214054931869
"SAMPLE_0420",9.06561532061363,9.2040985505377,7.03527496637879,7.44479142882194,8.25004862374359
"SAMPLE_0421",8.76596940219121,8.77871194705431,8.66327321174091,8.39103652126729,9.44222008234518
"SAMPLE_0422",7.52252307369103,7.42267248742303,10.3808667855244,9.92931305575994,6.59506336743999
"SAMPLE_0423",7.73189387139896,7.38871533515071,8.48059834215379,8.08692871924658,8.66385831172365
"SAMPLE_0424",9.09661679318766,8.60495435967863,9.79425455347081,9.55287713796397,6.72009441430709
"SAMPLE_0425",9.24858004265676,9.46509962201808,8.84588817351709,8.73494384468154,7.68999145009286
"SAMPLE_0426",7.96009970781074,7.84809198430752,6.51790583475691,7.11202899616437,9.56695936331282
"SAMPLE_0427",8.7968326680716,8.26939237655639,9.28123925118458,9.09483104832747,6.48350004915916
"SAMPLE_0428",8.14201412193324,7.93046661824498,7.89601494115222,8.106532726093,9.12562461888067
"SAMPLE_0429",10.2267685044479,9.75571857452946,8.6919472539404,8.34284239974168,8.52918129840276
"SAMPLE_0430",8.34360090762271,8.10249252892522,6.35757191479168,6.65497362165829,9.50003274991477
"SAMPLE_0431",8.84645587714324,8.3108147916454,8.42052490167483,8.31434142228944,9.40355944253798
"SAMPLE_0432",9.7244821077965,10.0972288422849,8.30677075501954,8.2212127843498,9.70990077914852
"SAMPLE_0433",10.4625240065734,9.90552648896654,8.4150436570642,8.18962980443,8.96551349441901
"SAMPLE_0434",9.55276257461244,9.25567982719655,8.07276761452471,7.88424627668267,8.18136880035574
"SAMPLE_0435",8.49572342551346,7.86216932580446,8.86256543895558,8.7163908106171,8.45931456854238
"SAMPLE_0436",10.2290968252832,10.1574390187818,9.2683052464939,8.862001133623,8.3063244010395
"SAMPLE_0437",9.51684162788503,9.40663647202723,6.20472944717432,6.4172202658062,8.84192174717464
"SAMPLE_0438",8.1588407041451,7.53376808710825,8.92423907840937,8.3580124961961,6.93139676748312
"SAMPLE_0439",10.2225629652683,10.4300495609462,8.36058365303189,8.09072829608575,9.09255868866713
"SAMPLE_0440",8.35247883890446,8.24614853384431,9.34125303940781,8.8356968544285,8.77389848840338
"SAMPLE_0441",8.1249432400573,7.77166895494109,7.3067769159684,7.50236111898266,7.13270109262713
"SAMPLE_0442",10.0550102334551,10.4478083823426,7.32661771975668,7.70535485378004,9.54586459062511
"SAMPLE_0443",8.2500889511946,7.73720136639162,8.71600169410499,8.1885136719269,8.1999956177107
"SAMPLE_0444",7.96422285694759,7.99233852943927,9.02208191278442,8.61128681568549,8.08361716480947
"SAMPLE_0445",10.5143384351926,10.4961470145076,6.27249706340846,6.74002852298459,10.1187071249345
"SAMPLE_0446",9.55124996927261,9.49068666304815,9.19379119534893,8.91333038957396,8.72258672411997
"SAMPLE_0447",8.22130302464598,7.82876309027161,9.10960045602867,8.81097455489088,7.58297004498828
"SAMPLE_0448",8.85410899785799,8.64608443996493,9.72839408646795,8.79235173325562,7.63530425818083
"SAMPLE_0449",7.78619753386126,7.6714935622693,7.38620557283483,7.7617802197629,9.79400939169355
"SAMPLE_0450",8.30099254406089,8.2980925468032,6.91643796646719,7.33213537881318,8.52389541093495
"SAMPLE_0451",8.17688603625181,7.60542072557687,9.60891807830595,9.30891302947809,7.0448690726818
"SAMPLE_0452",7.70880256799765,7.56843067967443,8.12011972553826,8.0398649380492,8.71873545814592
"SAMPLE_0453",8.58183014562153,8.34175902112098,7.58428143028624,7.80213611895675,9.16070000585048
"SAMPLE_0454",9.63697968270684,9.3166624540242,6.10402864249156,6.43943811881011,8.89686160898445
"SAMPLE_0455",8.7427278466145,8.27217633743226,10.4235175449108,9.3002578850722,6.95451901437068
"SAMPLE_0456",8.43158057172102,7.75902390658232,7.40526439136066,7.85542240278722,6.05783334460614
"SAMPLE_0457",8.39002282348849,7.70889041791971,7.04428467402689,7.21388350286942,9.07431621979309
"SAMPLE_0458",9.90111495840877,9.47897300458505,8.29558504445518,8.17755629574381,9.21010102218545
"SAMPLE_0459",7.62605385586034,7.22838731812148,9.4787121389871,9.65253590783469,8.08601908404479
"SAMPLE_0460",8.55292484544609,7.99084736321826,8.26071290236497,8.40721684774018,9.56657336063566
"SAMPLE_0461",8.59782891359872,8.24800187731279,7.37803281967513,7.56244919150889,7.38198824827471
"SAMPLE_0462",8.64649124010366,8.6880834628411,9.34406355923672,8.91699891149898,7.11833972937567
"SAMPLE_0463",8.90685962344057,8.34148824198919,6.30945756105419,6.59080606880188,6.88619108411105
"SAMPLE_0464",9.1270781237422,9.19748473713226,9.03743664440711,8.63585188754297,8.22190598677032
"SAMPLE_0465",8.04455001780963,7.57588786652464,7.0539830813342,7.18879257001204,7.7049509649971
"SAMPLE_0466",9.70618026508163,10.0368495514628,6.38479333690378,6.86887516219133,9.39741644106851
"SAMPLE_0467",8.22340684265158,8.25955390090975,7.61763160311633,7.81088231615572,6.80386195964033
"SAMPLE_0468",7.60305167811508,7.74464538558059,10.0934363358054,9.22095902665033,7.76064121700047
"SAMPLE_0469",9.32282626049716,9.27291257948711,9.28662417159733,8.97154727194297,7.772109696765
"SAMPLE_0470",7.64566983192306,7.04085343509639,7.60493231113393,7.97374625857153,7.50425885750609
"SAMPLE_0471",8.93325968984789,8.51826718872124,9.47805295671428,9.24705899234602,6.58328940774138
"SAMPLE_0472",8.75644729738725,8.2623148198141,6.98723478206291,7.19684370408414,8.82452454528356
"SAMPLE_0473",7.35106326640285,7.3571495808376,9.60289365080881,9.31112498746772,7.86115341019639
"SAMPLE_0474",10.4576334254241,10.3453829466996,8.85759713987156,8.76929375974753,9.1764542130723
"SAMPLE_0475",8.00751996499409,7.75350449827317,9.99398917409772,9.76575261442311,6.7779869540873
"SAMPLE_0476",9.01492701867229,9.09743749534947,8.63884241075241,8.66066506570503,8.31796058446692
"SAMPLE_0477",9.54075982512205,9.68054433009624,9.2067944280962,8.57107774330132,8.67130021972651
"SAMPLE_0478",8.43629952604995,8.19752286222345,9.31261092361565,8.88449137559986,6.93502922678946
"SAMPLE_0479",9.57166651066869,9.31167909795084,9.59853218812658,9.06952026189886,8.01860651172986
"SAMPLE_0480",7.62792491459888,7.84571241784689,9.26487504677003,8.67021442399487,7.96821242741911
"SAMPLE_0481",8.02644401876272,7.70057034692109,8.7249548610059,8.52660312885005,7.16408723856941
"SAMPLE_0482",8.43314187324795,7.54298501218413,6.57680710751784,6.9055316329211,9.80149408407433
"SAMPLE_0483",9.46456414793159,9.32032310604225,7.85204161152351,7.615781324045,8.88211150993461
"SAMPLE_0484",9.37144592336549,9.08554273200064,9.35279060667556,8.94266601439112,8.03203926197634
"SAMPLE_0485",8.54921850763149,8.16146085398152,8.62470011585069,8.38646371836718,8.18223284949288
"SAMPLE_0486",9.04174965217495,8.85100651510402,8.879390170381,8.55804554051544,7.06176104581121
"SAMPLE_0487",8.82818285357654,8.72456267352964,10.1333769740554,9.54509691135731,6.42880441606998
"SAMPLE_0488",8.02768328933145,7.54993563585017,10.5192858360315,9.70253673814501,6.00787086374455
"SAMPLE_0489",8.35578177715932,7.70271951480121,8.32834344877164,8.19308127374111,9.31873982352616
"SAMPLE_0490",8.14116913209138,7.87305947807299,8.81381242720498,8.92054518382102,7.86235094341857
"SAMPLE_0491",7.46653097787216,7.11008491660604,7.29567265177383,7.79003512427221,5.92754232804701
"SAMPLE_0492",8.2852852579856,8.33065211762805,9.46175962632982,8.85995522010177,7.77113156663878
"SAMPLE_0493",7.91804623102297,7.38903274326077,10.1846064220026,9.6201409501642,6.76308607580195
"SAMPLE_0494",9.23074355426223,8.91700140937521,8.18205163563573,8.08462554980763,8.68990042782452
"SAMPLE_0495",8.99942598711473,8.31676103877587,6.4482072865455,6.53506204522254,7.6119829638801
"SAMPLE_0496",8.50712922695049,7.91736246587182,7.1836129613737,7.51246274606806,9.31323457645746
"SAMPLE_0497",7.72158461765397,8.00041464762492,7.1291233156257,7.89515135347969,9.36787222565424
"SAMPLE_0498",7.64575296079469,7.31835761253179,8.81993716663851,8.41665218865993,8.05628756234347
"SAMPLE_0499",8.166100918473,7.6408725570763,8.4505428846328,7.92107665569131,7.3397284809497
"SAMPLE_0500",8.57573589872266,7.98863011755384,8.00529938550744,8.06043012231772,7.06852290811599
