"sample_id","IL6","TNFa","IL1b","IFNg","IFNa","CXCL10"
"SAMPLE_0001",12.5681436862914,10.0603756500083,11.4104220227584,16.6496060207809,11.8360517006701,14.5618050184517
"SAMPLE_0002",13.9758761749561,10.5855535981882,12.2939875115986,13.5842878408091,13.5148363228394,16.9302085134628
"SAMPLE_0003",14.5441789629616,12.0946468298959,12.6712614068995,17.4324160841484,12.1648141356144,14.9363047784904
"SAMPLE_0004",16.8606461672251,11.9774387987699,14.2123424262119,13.77676577517,15.1339518324252,16.7356023147032
"SAMPLE_0005",15.8425914381138,9.62405942719888,11.3715693683683,15.8382031742792,13.7835100452563,17.6302487999852
"SAMPLE_0006",13.8198820732372,10.4025776582359,12.4558882786372,19.7172740610647,10.8512310087007,13.6637039936661
"SAMPLE_0007",16.6918899535461,8.59305910282425,13.1379351309186,9.40186545028588,10.4683407551324,15.3510433544607
"SAMPLE_0008",15.4431298258563,7.96536624712857,16.1246404375996,5.50204970701174,12.4685223829112,17.3921441131106
"SAMPLE_0009",9.14543875215397,8.26922374167194,9.52847942817157,17.3802911048518,10.8753245404464,9.79517663110052
"SAMPLE_0010",13.4168066033249,10.4868288187788,11.6089128049299,16.2348639033836,11.3409849875389,16.3390406399648
"SAMPLE_0011",15.0809666096447,9.81845458653364,14.8120543125032,14.319928046774,10.9242410359951,16.6560129996894
"SAMPLE_0012",16.2123872681585,12.5079632411874,17.8705005113626,9.85645758265909,15.5269334230087,18.9289797812068
"SAMPLE_0013",26.084282046792,15.8128058539357,19.7938729705334,12.2276811666267,20.4564481091209,25.2390890762886
"SAMPLE_0014",21.8205756864242,13.1024156865762,18.7586864265209,17.4452333551524,18.2343199345282,21.2055928228825
"SAMPLE_0015",13.4651919528154,11.3653636533537,13.1378488522624,14.3200231470024,13.0994199206549,16.932515725832
"SAMPLE_0016",24.6994350346798,14.201080329749,20.6454787850009,12.3575598991894,20.9179014475844,23.917586670835
"SAMPLE_0017",11.2192410975691,7.94623585976903,9.20988668144931,16.508609792145,7.68297904471644,11.3655777233354
"SAMPLE_0018",12.9886961776436,10.4283102281267,11.5789245402502,15.3753393137779,12.4275303821036,14.8308297130684
"SAMPLE_0019",11.0426860893198,7.72191074429611,9.54795101293693,11.4103704237883,8.57843317561886,12.3194071693777
"SAMPLE_0020",13.7698173816801,10.7371384412912,14.8050444986157,14.0594485847758,13.5777918679489,16.6313142790986
"SAMPLE_0021",19.441616726175,12.8875735259001,16.7316454026151,16.5833079008354,16.2286566057982,21.2802130462681
"SAMPLE_0022",11.8008136314993,9.97770077589507,10.8179151876202,13.611701474214,12.0942695531637,15.5621956488715
"SAMPLE_0023",10.9332521689357,8.8993798171064,11.9049561966932,9.94819200760166,12.5067162472641,12.3146841441494
"SAMPLE_0024",10.4377993905792,8.33830233659753,10.4696201046535,16.7992893646479,9.60752113846475,12.7681713232074
"SAMPLE_0025",8.29655226429948,8.15690767774299,5.8516092369099,10.7158657700262,6.91096475898973,7.92923930397175
"SAMPLE_0026",10.1787497800515,10.0154264573592,11.2277283487437,14.4031010847968,10.1000894990411,13.0810697719924
"SAMPLE_0027",12.6283996989657,10.8430252983904,12.2201932048374,16.4415535775642,10.2656003333102,13.995032525105
"SAMPLE_0028",9.69430286258844,8.39123058155646,9.94086018544328,7.70040942358207,8.50190028545725,9.9290460812947
"SAMPLE_0029",9.84162192189057,8.77480287951216,9.54068028414748,15.601122332757,10.9980986842431,11.5989695876292
"SAMPLE_0030",14.6845602395628,9.8523552485659,12.5361797240029,14.800321276983,10.5618270742078,13.5782881664171
"SAMPLE_0031",10.7831842097236,9.7397450961863,8.62392659307219,19.9069023222647,8.79557378366486,11.8690269941411
"SAMPLE_0032",16.411368674837,10.6263144157816,14.7372396366204,15.2266548814539,13.5930643532689,17.3348711363149
"SAMPLE_0033",12.395666699835,7.91004598777116,9.60652659409684,16.5980026874063,11.1015206428527,12.4232403887913
"SAMPLE_0034",21.5384802840801,11.7706729875878,16.5334576911896,12.8086613130129,16.9529426734872,18.1562028648981
"SAMPLE_0035",11.7647549205341,11.2148759423691,11.176765512625,11.7665299238894,9.34690340500678,12.9434315444646
"SAMPLE_0036",9.97225061737082,8.54840457377948,6.82748032721674,12.7451253407088,8.0974034699235,10.4369413618268
"SAMPLE_0037",10.7181086984588,10.0581911655307,9.66187742420487,10.9107400575928,9.41148784770929,11.8582029038794
"SAMPLE_0038",11.3314188737966,9.11090289818305,10.4570379016868,13.8309879083384,11.1073777467954,11.8524716402935
"SAMPLE_0039",11.1444481115163,9.03410324539165,10.3216117795523,15.3042454530236,11.368108040167,13.6300162240775
"SAMPLE_0040",15.4280636093023,9.3655168998836,14.9002435636304,18.1229934376024,12.2116414415915,16.7278952656002
"SAMPLE_0041",9.9021825856734,8.33250083413448,8.64937997714453,15.7005072393122,9.67723810940185,9.60001554042994
"SAMPLE_0042",13.3495234810397,10.5776694592848,13.3443340069758,13.7923321044256,13.3369370300696,16.7672278690797
"SAMPLE_0043",14.7796756625673,11.9967913854561,14.3033430841529,14.2337009296444,12.4059048784072,15.6248797254913
"SAMPLE_0044",15.0057707882192,8.36403939051585,11.2327032252632,16.6431700972355,11.0011454768688,13.7019969790825
"SAMPLE_0045",18.9883902245764,10.9266111202233,14.7289648462425,14.8982600736735,14.1129396928251,15.8272297782549
"SAMPLE_0046",10.7672902766599,10.2442556493687,9.20988829145343,12.7423909197178,9.62725596682468,11.9824002668957
"SAMPLE_0047",12.9910997410407,8.39203006673234,10.3758176038886,18.3169718622002,11.383449872419,15.5472856359008
"SAMPLE_0048",9.37003728004751,8.66252563173743,7.74275206146895,13.8702182859147,8.19619272415751,10.803166770738
"SAMPLE_0049",11.5801619651736,10.7700143225382,11.2685952625927,13.2309289923989,8.68974055848692,12.2313483491194
"SAMPLE_0050",12.4293724381703,9.77089224583653,11.7448498315689,13.9274101268701,10.6672057041531,12.326990023703
"SAMPLE_0051",13.8599324562883,10.1749535229634,11.956623041844,13.7834735700684,11.1147854649419,14.29812296014
"SAMPLE_0052",15.4647615001219,10.8942011296249,13.5613165789682,13.9712213924242,13.2059018722725,17.3716121965959
"SAMPLE_0053",15.2372619446765,12.2768337808623,14.2030161372645,14.4726691818477,14.3139263960741,17.537821569848
"SAMPLE_0054",14.5971861758084,11.0196514521919,11.603660118902,15.7084596005031,14.0294179442934,14.4485170997312
"SAMPLE_0055",13.5912474450066,13.1585008596791,14.6820598075599,12.2460938951604,13.4874467602117,17.5466981000898
"SAMPLE_0056",12.0274163480762,6.77980074287131,9.56640882031637,10.4708418430011,9.30340552251434,9.72126246975297
"SAMPLE_0057",18.9496580280866,11.814865025202,16.2571891044513,12.111405998227,16.1863501436084,21.9696121557449
"SAMPLE_0058",20.8678144205315,9.99973307189386,15.6802575164255,6.81691335127239,15.2585777578987,17.5774217492159
"SAMPLE_0059",14.8798568033672,9.19772539212763,13.065765204656,7.83825894438446,12.1215298260367,15.6272253118384
"SAMPLE_0060",13.3294367126172,9.76392569400424,12.2160842109195,13.3636788289825,11.8078468175843,14.6382536892606
"SAMPLE_0061",11.8554803464548,8.76172275994063,12.3030351815757,11.9233857289507,11.9272312270858,12.3162928282425
"SAMPLE_0062",15.9224443037363,11.4480588051727,13.8118640891302,17.4681484983649,12.9934112303358,18.4988652974636
"SAMPLE_0063",12.5217778758489,9.95985928090298,13.3397029154033,12.5508606991936,13.7079685037181,15.1308869550666
"SAMPLE_0064",8.0580194112483,8.98175875944184,8.91221911228985,14.4091633759104,8.21739517419786,10.6633024254017
"SAMPLE_0065",14.9527699824233,10.1598606773838,13.6959053060302,17.4016523386603,13.7254303724312,16.9972341503706
"SAMPLE_0066",19.6785443516292,9.94292733273481,13.9172080450784,5.09565344064897,13.3752792812823,18.3741680535004
"SAMPLE_0067",16.1552146456632,10.2944192148002,12.0208026220634,13.7547389714284,12.4335985801784,15.743640583486
"SAMPLE_0068",13.3022741648636,10.6289638759918,11.9615214331871,13.280001608885,11.7219353165124,15.1953228494555
"SAMPLE_0069",12.9000159596108,9.74656468881944,11.0722041270105,14.0221899847482,9.07972080611643,13.4198995301933
"SAMPLE_0070",14.1701453068785,10.2735374119232,13.3899156366193,11.2841675574625,11.0081829980672,14.8593774636802
"SAMPLE_0071",11.4493937505487,10.2398636895505,11.1756312230924,16.7569170409877,11.1185523005313,13.4608173778628
"SAMPLE_0072",8.83814874431295,7.32154879754677,9.42855034625553,13.1788397197727,9.42593171280412,12.9403886649907
"SAMPLE_0073",11.468493141784,7.89520334844079,8.08521547411162,15.9928081489767,8.30535538411207,10.7079669377637
"SAMPLE_0074",12.0322267210462,10.1236978670386,10.7451123235304,10.5353424967456,10.5612684576549,14.066267488154
"SAMPLE_0075",13.3864618787767,10.5167991961773,13.3297401440913,12.5785092605696,13.090888772352,15.2986874132961
"SAMPLE_0076",14.5033229643774,12.2349560894505,11.5387413847685,16.225506710968,10.2935422088974,15.6472079134595
"SAMPLE_0077",10.9170520048807,9.80867404991959,10.4309101436428,13.741440045061,10.7554691741935,11.6373775767787
"SAMPLE_0078",13.9871534859422,10.3586489354629,12.3315833019103,17.6057556133657,10.1319845935492,17.0393426523969
"SAMPLE_0079",18.946733748491,10.2761001687744,15.8913288411919,13.8000511400779,14.8935642135702,19.9066500907422
"SAMPLE_0080",21.5305945879903,13.3632044289253,18.107806085969,10.8453728035212,17.3091267430688,22.3986657022907
"SAMPLE_0081",13.4257090685924,10.0833140356347,13.078541920704,11.9775570045896,9.81043272128327,14.9228221541893
"SAMPLE_0082",11.9504256532455,8.80667650682847,10.2895485799894,12.6591591104878,8.76799941409478,12.1749052026355
"SAMPLE_0083",18.7665450668209,9.95287568475126,15.7850381910403,13.6644055467229,15.0663710655203,19.0380590713842
"SAMPLE_0084",11.0476405346688,8.89230013899001,7.12796451676412,13.453362632299,8.66242968361713,11.4818881445408
"SAMPLE_0085",9.04859463501279,6.98886968530617,8.87294183214968,5.92064298781574,7.95990671182397,10.7169058808719
"SAMPLE_0086",13.7038244591762,11.2017522023954,12.0339541266057,9.72906483203963,10.7591865244104,15.4902270964789
"SAMPLE_0087",13.1748484226795,10.0779890974585,10.0628751137012,15.9926163094556,9.56642231125566,12.2435088158222
"SAMPLE_0088",11.9069019791024,8.58279030172034,11.4334873952862,12.6136733591981,10.3464955340058,11.3066998971068
"SAMPLE_0089",13.0558845995042,12.1924119195273,12.3694307285948,12.3455072612557,11.9973532904588,15.3728669458174
"SAMPLE_0090",13.7896266978867,8.25127932930978,9.59873733281444,18.0645389317981,10.3944757543977,14.5746327850965
"SAMPLE_0091",13.0596814171455,7.1683573397042,12.9597295171922,10.7674736866979,12.2174155432766,13.5711925436415
"SAMPLE_0092",13.2566246107972,9.43829741383232,8.15353947753975,15.4530869163117,10.4626385083694,11.6386677555866
"SAMPLE_0093",14.3711828095737,12.2894376924501,13.4803361714167,12.7609519779809,11.8025561285882,17.9966080587545
"SAMPLE_0094",11.8723815954398,9.42855029651524,11.8807238340833,11.5383243777347,10.2858461493711,14.0510329885467
"SAMPLE_0095",21.8025918102856,12.3329730029942,16.4563192542205,10.3259125875043,15.9959248135486,22.2061955846976
"SAMPLE_0096",18.408061133278,11.3688549689676,17.3515368885559,14.8053896923657,15.7000493387246,21.4802119045468
"SAMPLE_0097",15.5655126933953,10.5973296195252,12.8175715948321,12.6443181592324,11.3367312413275,14.5806252456705
"SAMPLE_0098",16.7370560015542,7.82614390532264,13.968467582564,14.9363461215896,12.4262815674728,15.1416850881916
"SAMPLE_0099",14.538562661908,11.7658937256573,13.3892867130936,16.3530790949428,13.3750534252777,14.2284809163931
"SAMPLE_0100",8.68435470046279,10.240839530234,8.50283685517975,7.84631426534433,9.01724059169683,11.6718725773222
"SAMPLE_0101",10.5015841427821,10.2391251693043,10.8460032144171,8.29414621277837,9.70066395056014,13.9163124854388
"SAMPLE_0102",9.83298233485053,7.67410404498217,9.1627676114819,15.5395517711526,8.70827214296411,9.48073474247248
"SAMPLE_0103",21.4936738773869,14.5552412239912,18.065064765227,12.9259053711074,19.2382293335149,21.5539046460967
"SAMPLE_0104",14.5708896321161,8.21035351839866,10.9204573868405,16.9164092433657,11.767523438499,15.7376059140969
"SAMPLE_0105",10.9340806294662,10.2725385267221,11.0959785018669,8.85469231044944,11.3171793934911,11.946900704785
"SAMPLE_0106",15.3485110514,10.1683982296798,12.6456555449958,14.3624744161561,11.3977975964722,17.5241551285235
"SAMPLE_0107",14.6021096625129,9.53939581836224,12.1378610055558,16.1042641699375,12.4664897632201,16.3944081861647
"SAMPLE_0108",14.3722079058319,9.22180690843043,13.9697429611599,18.6018332693308,13.0381919891366,15.0062220705239
"SAMPLE_0109",10.5536583789952,7.74726865106487,7.92905506389416,15.0649189589487,9.28404614303654,11.725244843466
"SAMPLE_0110",14.5486832632561,7.54525020241313,11.1742798576825,8.58585610262288,10.9204888008474,13.3609386979571
"SAMPLE_0111",10.6428895603296,8.0886025034264,8.86182744401769,12.8479941359432,9.23396286012396,9.21235347073621
"SAMPLE_0112",12.9922389276296,8.08494056681169,11.4229775185214,16.0581204473072,9.54612297092803,12.7943370223819
"SAMPLE_0113",9.74447783603597,10.6945555421408,12.1259957874821,15.9303635873316,8.70383070864819,11.4001778310075
"SAMPLE_0114",22.4390145297107,14.4618666193227,18.9374530128447,16.4305400290928,19.4556393592353,22.7957709087619
"SAMPLE_0115",14.0680826953684,11.6087497729207,13.0370103469284,14.1318919229762,13.2149898188047,14.9169776633683
"SAMPLE_0116",13.9842113364976,7.14595362110732,12.6906420165854,11.45483670127,10.8203583472835,15.2830823715912
"SAMPLE_0117",10.6481232316813,7.63050954991332,9.01457520565498,6.38530794382061,8.59347000121983,12.9435315440118
"SAMPLE_0118",16.2543706136131,10.2876288178247,14.0833882508132,12.0707746836567,14.3814808383239,14.8229464263102
"SAMPLE_0119",16.341636406068,9.68285011182385,16.2113302668905,11.0049119125971,13.5499440586008,18.2816719587621
"SAMPLE_0120",11.8658451092111,11.6609872450271,9.47385225288502,13.6200302512765,11.4991584263837,13.1414418063638
"SAMPLE_0121",11.5094129546146,8.23176706361802,10.1462840897748,12.6666158940662,10.7534884405018,14.512989363912
"SAMPLE_0122",14.9038368001566,11.3442796369388,12.5116711981077,17.472505625543,12.827349668636,17.2081485382262
"SAMPLE_0123",12.429074141774,11.4190030217559,13.1888043372393,13.462094822056,12.5864155802504,15.9663329946674
"SAMPLE_0124",24.7265224196433,15.3086584311135,21.0789859225431,12.237288363552,21.2279563093321,23.7304332140059
"SAMPLE_0125",23.3558885687162,11.9989454085428,17.6899812332037,10.3803875092622,18.4526537706052,22.1233036818566
"SAMPLE_0126",17.4512273190789,12.7780510713505,19.0900856459462,13.7453896018789,16.66136560679,19.3722710232727
"SAMPLE_0127",17.645338484777,12.4289087457235,15.2305360591729,9.6721411167796,14.4183989448891,19.4999001629929
"SAMPLE_0128",17.6287961634126,9.86647796419405,14.4364966693352,13.0792582659546,13.842142957673,17.5662297671908
"SAMPLE_0129",10.4337026627683,8.43499326827743,11.3816511408848,11.9645986411764,11.3770967434483,14.8694341965934
"SAMPLE_0130",15.1101748179049,12.004589215739,11.1274018258972,14.151906021836,12.9059350729787,14.8540529803266
"SAMPLE_0131",15.6023271153315,10.2953407780004,13.4890670471196,11.467222978738,12.519393762331,15.4574842927306
"SAMPLE_0132",24.3771830892519,12.8474954033305,20.6187221738712,11.7513932199536,19.4692466982107,24.6254066567252
"SAMPLE_0133",16.0733636971156,12.0134071177615,14.3931825304418,12.9123929803319,13.0116333698687,15.804534708721
"SAMPLE_0134",13.4782881445147,10.5339346956894,11.0408809277731,19.7602802488648,13.2938582279715,14.2020540544459
"SAMPLE_0135",15.3539823024084,9.96453554790614,13.9237091326434,6.96804296856148,11.941382629498,19.0483202036305
"SAMPLE_0136",12.9691038214902,7.25627974985067,9.86821348056351,10.3618120379377,10.2869795464608,14.6401260260373
"SAMPLE_0137",19.3757584079736,11.3571065206163,16.1169306928837,16.2151265937015,16.0180734792805,21.0521112678005
"SAMPLE_0138",13.6234216915047,11.7425655501316,13.2974225882905,16.7728265399204,10.9060640124869,14.3470227658385
"SAMPLE_0139",18.1733189980658,12.2978063608769,15.7918781073131,14.9833381324897,14.3000721121237,17.5352898775841
"SAMPLE_0140",15.0878278551416,9.84350160731886,13.8340649316516,15.3268550312241,11.4908305416504,16.8612069831894
"SAMPLE_0141",14.360846698094,7.96934194380952,10.9011314995283,13.2916909327925,11.8217910770598,12.3384575238677
"SAMPLE_0142",11.1499165346507,9.61917374770179,10.1259588947753,17.1503244559477,8.75937490601252,13.177595693926
"SAMPLE_0143",18.693644944275,13.2561656587453,16.8030790514222,13.7477711519466,13.9492461663795,19.1908285389371
"SAMPLE_0144",11.0428840371654,10.280420908782,11.0963035187565,15.2978269688698,10.108117563228,12.4364806062911
"SAMPLE_0145",17.3680012666376,10.3298500151071,15.8577210908075,15.6689908907442,14.9472243180375,19.1806952818828
"SAMPLE_0146",11.3665118139205,10.5471765790798,10.1802720813317,14.6027754058143,10.2257063062967,12.7646672986936
"SAMPLE_0147",13.4824498124665,9.30513403487876,12.0494372270216,14.6567644339108,11.9758213318977,15.4425713575674
"SAMPLE_0148",11.7589033121134,8.69728043977994,10.8190828942993,8.8381592713735,9.92589531693774,10.9492387888438
"SAMPLE_0149",14.9468736628563,11.1247276389783,11.2125777432235,15.3519171090786,10.6433540364434,14.5222304339293
"SAMPLE_0150",13.4132005993867,11.8129456379643,13.6023819897815,14.0154785186765,12.9819034821261,16.6662834932822
"SAMPLE_0151",12.1085557763062,7.56582806992651,10.4139273704101,6.9195180939784,10.9714293790702,13.4697015252649
"SAMPLE_0152",12.6021613807415,9.80574107451,9.709079394231,15.7776682072692,12.2707650734106,12.1009338706849
"SAMPLE_0153",11.878140519195,10.5112559111226,11.34880966982,11.8252215087415,11.2711447460492,14.5944956460372
"SAMPLE_0154",20.291831870319,10.8049123945617,17.9321783304058,9.65307330414114,18.623004105863,22.5231939867665
"SAMPLE_0155",17.2019854919122,10.9937327761497,15.9297659347789,9.70000373595549,14.3767411034259,17.7237683137542
"SAMPLE_0156",15.1708995176697,9.89618909059493,13.5116356037224,13.5094220129311,13.0544465515595,16.3613000982304
"SAMPLE_0157",14.336964401533,12.48328944023,12.5569344483003,15.4878294605074,10.61533710903,15.9302325581451
"SAMPLE_0158",12.9466284156151,11.6338177793959,12.9450577305125,16.1051072162009,11.4248166225864,15.8438312124362
"SAMPLE_0159",12.1947199307804,9.51642248814766,8.50797067311629,18.585086742766,9.28314720667369,12.3355363819128
"SAMPLE_0160",14.116316042836,11.7131590683843,11.9886503932756,15.3508341838663,13.4574106242383,15.8627535323235
"SAMPLE_0161",12.0274571376524,9.29173837477507,9.6163801294627,14.6824163369418,8.6799089299467,11.8982039247439
"SAMPLE_0162",13.8670298085269,12.1122416458211,12.8090131074832,14.5284614822187,13.4170886620309,15.6198370937261
"SAMPLE_0163",18.00039772975,14.534366078733,16.4050198268582,13.681289825604,14.8642952424774,20.8602225132393
"SAMPLE_0164",23.6134314512253,11.9059984486147,17.0484025742108,8.3589564003131,16.1064847909366,20.3322585083122
"SAMPLE_0165",11.1589577892229,7.063069972384,9.24033587468522,11.9606432953649,10.0596005697389,10.4747210106572
"SAMPLE_0166",11.1174547821556,9.30641320789279,8.01419007362638,14.5866853929979,9.70586472345987,12.3656314770005
"SAMPLE_0167",14.732138297713,11.6744009462996,13.2714360330082,13.673262075292,12.9815113771596,16.3110046235277
"SAMPLE_0168",12.9599201512899,10.4519434686451,12.9777778142572,11.0086518884114,11.4442808121789,16.2085100660635
"SAMPLE_0169",12.4324230700107,10.569613170648,9.56794934508802,17.1794141014885,11.2355400572218,13.4918325319602
"SAMPLE_0170",16.217277010035,12.950416732609,15.5194229827032,17.8971148728954,13.7528094935588,15.1418304128829
"SAMPLE_0171",16.3923181164791,9.93326491522029,13.9235730621296,14.5603559891166,12.9744363220163,16.2373875962378
"SAMPLE_0172",11.1194986130048,7.8169134774444,10.4854629157215,17.1182270315918,7.03190621520622,10.0428717676455
"SAMPLE_0173",16.0269502516462,11.1459763647801,12.6925498684916,13.9152933643961,12.5678328511064,15.4769835781519
"SAMPLE_0174",15.4870331873578,9.58029422400685,11.8008480917836,15.6495904391507,9.9878876121087,13.2100250277423
"SAMPLE_0175",16.2463746351936,10.0911172549199,13.4263953048849,13.1159517748063,11.2888827525236,15.3270174291321
"SAMPLE_0176",16.8218392611526,10.120506167848,16.2764959929605,15.1470545477288,14.5677051890546,19.7895951469081
"SAMPLE_0177",13.1254830518751,9.58668228484726,11.5253504501814,14.4148171405382,11.8983319651778,14.0562593740325
"SAMPLE_0178",13.1197906418142,8.21194094861103,10.8477968396097,14.2695789783294,10.969139198891,12.8525262091442
"SAMPLE_0179",17.1774865777828,9.80000611181907,12.4320559998308,12.6693837466233,14.7905459191148,17.2278861358817
"SAMPLE_0180",10.3041844233519,8.37119749666327,8.91448304092125,15.780377060278,10.1479702899593,12.9300774135252
"SAMPLE_0181",10.1219949931203,9.60230148045365,10.335625157687,14.232480716203,11.2007782343407,11.9684978143995
"SAMPLE_0182",12.4606575243868,10.1031216977996,9.42391401576361,15.3221442487883,9.56640660852335,11.700043856317
"SAMPLE_0183",20.2333878619467,11.7293332326862,17.2519748236872,9.28465711173243,16.2595609555909,20.0535229046094
"SAMPLE_0184",10.7855282460424,8.93378474911992,10.3377625172094,10.9330333351592,11.9161345710082,12.215329246486
"SAMPLE_0185",13.2942956604453,9.77697401185246,13.1869756669972,13.8402596061894,12.4973037922298,16.3489288484375
"SAMPLE_0186",9.77354335550953,7.75432459518376,10.040427509135,12.1472609971984,7.16883197909507,8.84607890187797
"SAMPLE_0187",21.6167316618451,11.167374033719,15.6760259560795,12.2527320806277,14.7811033866518,18.973845994795
"SAMPLE_0188",23.0065155842074,14.4464787419267,19.2714362878523,8.22879369638554,19.7835149382229,21.810987419197
"SAMPLE_0189",11.2223378877932,7.42393941291238,10.0175985679623,14.7406797664361,7.8243293405346,8.62240341821688
"SAMPLE_0190",8.27687532470621,4.65603675491873,4.38525586557332,12.4212900241052,6.846370534627,8.27267096646197
"SAMPLE_0191",13.655983609579,8.98689000860846,11.1507024310751,18.1097282277038,11.1566561273838,15.4403984958117
"SAMPLE_0192",13.3971731339979,11.900615816548,14.1934700781414,13.1257681404978,11.5166516463952,16.4965540753949
"SAMPLE_0193",10.7224916158112,8.99128488745878,10.6883136007266,7.93350881396467,7.99226217051444,9.90955205464885
"SAMPLE_0194",10.9937647291446,7.71564811966429,9.9271224546875,18.3627692422471,9.95298401658609,11.2602659189991
"SAMPLE_0195",11.7501581823323,8.06514313501587,10.3781235156301,14.0328333885677,11.2549092084615,13.1947309866813
"SAMPLE_0196",14.1688578434275,12.3827798677346,10.9510695393406,14.6669660565117,11.9839423878547,14.0237728780884
"SAMPLE_0197",19.4411080593347,10.3637855622873,14.6745426686713,13.4849769158805,14.3326810882394,15.5952305610067
"SAMPLE_0198",11.9609262337354,10.4109153811843,13.4084636382213,16.8819305298274,10.9470717200245,14.9261828264351
"SAMPLE_0199",9.52948211236631,9.10600692642124,8.19390534868796,12.8155956755601,9.20221421776716,10.823663713699
"SAMPLE_0200",7.80741954756249,5.17880218746298,7.66464932428766,14.2181469440394,7.89847746155033,8.32727092142538
"SAMPLE_0201",12.490828525014,7.2820506361041,9.60465687838707,12.3785241206572,11.1797074212354,9.10599506261391
"SAMPLE_0202",20.4416881958388,11.2618503324516,16.0863636422559,10.5396118874803,15.883464062175,20.0094407636207
"SAMPLE_0203",12.8609793242457,10.3270806944293,13.6133040036789,10.1486308499237,12.4275201394076,14.0587539254659
"SAMPLE_0204",16.6703791887689,10.0209943709044,12.4599411290749,17.0092676169803,13.549109463631,15.8011335693906
"SAMPLE_0205",14.0719748836577,9.29034684530142,13.5475590900834,15.3693730876941,13.9718223015531,14.8244549666973
"SAMPLE_0206",23.0604141998526,14.1277913010321,20.2444751431373,6.97720753933264,17.5548396924616,22.6762623674503
"SAMPLE_0207",10.1438068094287,7.29786490942567,7.45791773127777,14.4360730225618,8.80070885544649,10.7484590612498
"SAMPLE_0208",16.8410760354561,9.52408871872926,14.8855105100342,19.066750363304,12.5910739269275,15.9322525731998
"SAMPLE_0209",13.1370314880116,9.41915979452497,10.1010055915019,11.0833024112267,9.56104581596677,12.0323961978369
"SAMPLE_0210",19.9746043154446,13.5658761268433,17.4280761115857,17.2930675706163,17.1528568065548,19.8653435839528
"SAMPLE_0211",10.8609018460952,9.70881889982996,9.88743456761932,8.46972169234128,9.74098884874794,11.3144381961552
"SAMPLE_0212",13.245344917754,10.6281046240343,11.6525835492048,15.4288468812412,12.4584439063431,13.3939265677225
"SAMPLE_0213",15.575009809028,10.7085171331784,13.0632151018708,14.0477159382037,12.0295684626503,14.8254842463408
"SAMPLE_0214",13.3943537174094,10.8645071975175,11.648538347154,14.5676392019821,14.5615271103759,15.5714218977333
"SAMPLE_0215",12.7166778101097,10.744036634463,11.3897067303603,18.6974414272961,11.8658350174956,13.749941737977
"SAMPLE_0216",14.6615663656483,11.9780163266191,13.1752248459969,14.2229927900366,11.9638751758631,15.5399374268321
"SAMPLE_0217",14.486301459921,10.5726839908769,10.6046106309686,12.3922545009872,13.0619233342522,16.6907093577961
"SAMPLE_0218",12.9183836215366,9.94392751584472,10.1681259119875,12.1855113811643,10.2672527017245,14.5815055398967
"SAMPLE_0219",9.94245726629155,9.54851795315251,8.87540896572025,12.2081073175273,9.87420484602006,13.9002895624444
"SAMPLE_0220",10.0307572347226,9.69839284878195,8.71328028149967,8.83103704086437,11.6788936246719,12.0934506063309
"SAMPLE_0221",18.0946204170805,10.4001878474084,16.1481327077718,15.2261727111635,14.9018292244596,20.1146231062416
"SAMPLE_0222",11.6011832615393,7.60829149967701,9.13589027031625,14.5626150558376,11.0606083779601,13.1650307606182
"SAMPLE_0223",16.9515790771939,12.7642371627057,12.5492791469982,15.1604959218919,14.3074864677815,16.7173483820739
"SAMPLE_0224",12.5157508873978,7.63590406092137,9.93371932666476,11.3710998562949,8.16419354811955,13.4004622079239
"SAMPLE_0225",11.9458119580147,9.4985923396633,10.6522551711275,14.9416963370075,10.0393212625966,12.3150903750016
"SAMPLE_0226",14.0734046704998,10.7867589536445,13.4172382278718,11.1280887568891,12.5988485692303,16.2723020814855
"SAMPLE_0227",21.6882814634181,14.2792745050222,17.1394587889148,10.1909324335406,18.9313929447384,21.1454104119814
"SAMPLE_0228",8.56506252477995,7.54602072418781,8.77250858596574,6.96391680250465,6.96840502380197,9.25782326409644
"SAMPLE_0229",16.7981923260636,10.8817498447493,14.5070500705279,18.0706805050673,14.1219442639758,16.4407106550911
"SAMPLE_0230",9.82086002254223,9.08476502712694,9.73511542128372,16.2027388875113,8.26478512885725,10.6806105477644
"SAMPLE_0231",13.3040021439278,11.3629897720562,9.62525192016286,19.1468261563203,9.47929746043665,14.6898537068041
"SAMPLE_0232",13.2095733056369,10.5981779479145,13.3810577494811,10.3655839210273,10.4390326757489,14.9358399260686
"SAMPLE_0233",23.2943666779227,11.3692554330776,19.1784230137089,15.570715763819,19.7928131102257,23.5512914496635
"SAMPLE_0234",9.14350176639645,9.82936397635855,7.24408377993277,9.20771119892474,10.0345051338958,11.3765685398363
"SAMPLE_0235",15.2766722486876,10.1180893373316,13.0858096849809,11.2077536974271,13.4156567768227,16.7097935727052
"SAMPLE_0236",10.4341802245845,10.3538336035037,8.54739375406415,13.5783188185247,11.600009483551,13.6420854509261
"SAMPLE_0237",9.84682117912528,9.2442337925238,8.3398218146052,12.4645255863808,8.27041590834431,12.4195260946003
"SAMPLE_0238",16.5822467016231,12.2851905907021,13.9151613627945,15.9997917137775,14.9212918036251,18.3143670179916
"SAMPLE_0239",11.3474218273599,8.8017274739452,10.3822881170515,9.87951760197695,9.8615887539775,11.7955619450865
"SAMPLE_0240",11.4395757758005,10.1667966787871,11.540936806096,15.4489991684321,9.32275553152674,12.6951684699551
"SAMPLE_0241",11.8250486797632,10.3394839832897,10.3132237045734,17.8762928142638,10.0697814793636,13.0683338647699
"SAMPLE_0242",10.9298592962253,10.7672042118632,11.5712057554142,9.70343334246409,10.8427105636753,12.9764262994048
"SAMPLE_0243",16.3580004594089,14.4554744751241,14.5990840946554,17.4590716770964,13.3270499276118,15.9303563473913
"SAMPLE_0244",19.5467154293832,12.1035213725793,16.3307168211941,13.1007190328679,15.8973469603046,21.4437893831854
"SAMPLE_0245",11.1604581786519,9.38783313387379,9.65802636712873,14.638357146089,9.26624832942771,10.4060043193245
"SAMPLE_0246",16.2061608588312,8.51732470745717,13.4003963731923,16.2735968709412,10.4673427475439,14.8445891260316
"SAMPLE_0247",14.9495319591767,13.8078749487143,13.6012955316944,9.46172237830128,13.6148042999281,16.1860733617232
"SAMPLE_0248",9.82918067913207,8.69508464474429,10.4781430758872,14.2319114624026,9.60957431533411,11.0123656620009
"SAMPLE_0249",11.214907739842,11.680436956089,12.2209514101753,16.8133436336081,11.2661026313237,14.9191608548705
"SAMPLE_0250",25.5679099414362,14.5851817748583,21.1768010812923,12.9852669272858,18.2078462951506,24.2849293703951
"SAMPLE_0251",15.5064148584604,10.8279534758882,13.6118843896846,11.9128725286475,10.7087208822348,13.8768005706279
"SAMPLE_0252",14.3425029219248,10.2035077835983,13.2864061564629,15.9032862996678,12.2269475024625,14.4444099925472
"SAMPLE_0253",19.4601079859766,13.3990137776239,17.6688042943941,8.08452805725793,15.2537775122954,21.4997415626892
"SAMPLE_0254",15.2372385943833,13.2790450567991,15.2139893990838,12.8050074842944,12.8874886290277,20.0965253086625
"SAMPLE_0255",16.4463044440529,12.0619167144843,15.0923411459139,14.169739638934,14.5505646360131,16.8097140153137
"SAMPLE_0256",23.9495584940643,14.2202564059624,19.1875900630164,13.9159018634648,20.2068243596422,24.0277327979813
"SAMPLE_0257",12.8597649867763,10.5531346493401,9.43630933707376,13.9023642455548,9.46495451624302,12.0639962930354
"SAMPLE_0258",13.7101877289371,10.6872550896791,12.8884554043538,14.6393708695046,12.0087469896697,16.4598918777008
"SAMPLE_0259",17.4603819093423,10.3185944392349,15.4583999438043,10.2003316020632,14.0797341432733,19.5248584082765
"SAMPLE_0260",12.5495335741122,10.410219770143,12.397831049338,16.3357737556395,12.4624245907272,12.717075011383
"SAMPLE_0261",18.2125394326408,11.7280453732846,16.1834457678717,14.691742625003,14.731833115641,17.740843943777
"SAMPLE_0262",12.7148862624188,11.2287325243707,12.7386165159548,12.9748702945979,11.0471386928559,14.493290407953
"SAMPLE_0263",17.6252206935459,11.1677107992455,14.2346260384477,11.8217109324679,13.0930576904131,16.1845781307907
"SAMPLE_0264",21.1660499733072,11.3176905286749,16.5660619924629,9.53763877491271,15.2653595104799,19.9401707321083
"SAMPLE_0265",14.9379578878651,9.75715585302383,10.7444035700813,16.1221596437351,10.9333783034815,11.9324840631963
"SAMPLE_0266",22.9960689808153,12.7145706419939,18.6949264477738,12.437214922141,17.2571604164221,21.1609926720086
"SAMPLE_0267",15.3711869789581,13.5305704490468,14.7500763465911,13.7789336717666,14.5823014924721,17.829928386275
"SAMPLE_0268",11.0563891652131,10.1936166619823,13.0563812943989,15.2496477708752,10.7330705133614,15.1211020351916
"SAMPLE_0269",11.7512315106105,9.74847044122543,11.2810517249593,14.5480264616481,9.48478234790311,14.348693154996
"SAMPLE_0270",15.0639413224637,12.9963346508185,13.7681692199012,15.498414212917,13.0270016657926,17.0480154868365
"SAMPLE_0271",21.6887056773726,10.3241999993724,18.1707587137737,12.4927912009229,16.2795385334711,20.0942426685068
"SAMPLE_0272",14.8256387758873,10.2863814565305,13.0618023391528,17.1241916657518,12.2745306595415,13.0777225914751
"SAMPLE_0273",12.5792150764439,10.1681939821627,11.0850397771473,19.9027997181833,11.66692311157,13.2016309425847
"SAMPLE_0274",9.99506185156208,6.72610072032406,9.53552837768113,16.3769690782737,8.74526701185983,12.6870394319641
"SAMPLE_0275",10.5092420968683,7.98033933202274,8.25615257548379,12.3783851433519,9.45756371857233,9.99567914865826
"SAMPLE_0276",21.2518636114502,14.9289370015991,18.1860600926322,13.3137826717982,16.7671591798275,22.7278228564348
"SAMPLE_0277",15.0501942182628,11.3405109630889,13.1484873308255,19.8308974867579,12.2189212643175,17.0802953236033
"SAMPLE_0278",11.1233249524193,8.49712531934952,10.7612535183993,13.4009460088155,9.54309479805134,12.6637776724216
"SAMPLE_0279",10.5615290776361,9.42636744634247,9.10625751552187,15.2376019252529,9.68057507597902,11.5884488909669
"SAMPLE_0280",12.7894619876875,10.4300257731092,12.1636292644532,18.1402414929783,12.02086977073,14.5245701740112
"SAMPLE_0281",9.8930801100903,9.67013471736607,9.40977522751485,8.59251053159144,8.87591654859859,12.0018333735674
"SAMPLE_0282",18.4758326601487,12.5535799206208,14.7606956715547,16.285139063847,14.1337731485931,18.3611085896162
"SAMPLE_0283",11.3896253230194,8.6497004506168,9.44899338994944,13.5669638250266,6.89653634051515,12.7256743544715
"SAMPLE_0284",10.3808113652921,7.19896252661115,6.72492453480658,9.94979037119496,8.45779572223396,10.8923953899532
"SAMPLE_0285",17.2459063306523,11.3675832288834,13.8482424622547,9.99749661263121,15.4141458732099,17.7235201299007
"SAMPLE_0286",11.484288878529,8.57326968378695,10.1904376829541,13.5336965215112,10.0432408988867,15.1507762377635
"SAMPLE_0287",13.318278429554,9.82029318422188,10.44394480959,14.8340327684505,11.1130321824161,13.5420121722554
"SAMPLE_0288",22.4173023945635,10.9369200946909,16.015970304042,12.7063205725658,17.0217438060182,19.6117417451973
"SAMPLE_0289",11.1004538433213,6.70654331281921,7.74233883555603,17.0220049701131,10.2513757272829,12.9091130457247
"SAMPLE_0290",15.7489107279734,11.7395580226744,13.8895504525552,11.2644611998346,14.795794597513,17.4710540888753
"SAMPLE_0291",19.94664769108,13.119318073544,17.854629766885,13.6350073748316,14.989289483869,21.4895390451926
"SAMPLE_0292",13.4117145953597,8.76807938908706,12.8223278303265,11.4384587730668,10.9530279937963,13.6305272829427
"SAMPLE_0293",13.1991258236681,10.2668707421464,10.8532754555424,20.1897489761554,12.4125107471648,13.3242185785019
"SAMPLE_0294",11.5266978182249,10.5725343872588,12.727032853518,12.5471761382432,10.7670589188695,13.9821861425995
"SAMPLE_0295",13.7362661362539,7.99002850011597,9.80280105455151,13.6602447479701,9.92857394467864,12.2813095576252
"SAMPLE_0296",12.520603862466,9.21781821992368,10.5095216791883,18.2560646982886,10.2356901625098,12.0213472436514
"SAMPLE_0297",22.0583035753962,11.1337320383382,16.3388832193102,6.73378144166234,15.6414408009785,18.2178027927438
"SAMPLE_0298",10.3652680259396,8.80459657287989,9.34320914304228,15.217887917537,9.86238516602081,12.408267575735
"SAMPLE_0299",12.5507651834843,9.4178704944573,10.9876468157788,10.9042313398693,10.1934849289271,13.660474823461
"SAMPLE_0300",19.0258930364346,10.8034872573097,15.4201409267447,8.03373698380757,13.8684698109803,16.9245080092033
"SAMPLE_0301",11.5217658844783,9.73800415098066,10.209965506407,6.61480815730977,11.035942940059,13.763363567246
"SAMPLE_0302",11.9643019086584,9.36716230085304,11.0216117239102,15.604684809388,11.0646210622026,12.8355143864265
"SAMPLE_0303",21.5943684697628,12.9328354588984,16.7710096629314,15.2865097710478,16.9246077709902,19.6510873972598
"SAMPLE_0304",10.0469755442605,11.5614663382283,11.8615665761013,11.9425754497445,12.0721900722498,16.2235668952161
"SAMPLE_0305",17.490299444303,11.6325157970846,15.6024733407861,9.44211009499197,13.8456896134954,18.5664453395854
"SAMPLE_0306",14.772978754494,12.0257533894781,13.8053250745674,9.41019713886937,14.2629993287493,15.7644202931837
"SAMPLE_0307",8.09132187231632,8.10034059459326,7.49765246380147,13.1839131141039,10.8830774767155,10.5528809144121
"SAMPLE_0308",20.542766954274,13.6663797822144,16.720969124818,13.1107152071854,17.2542988932089,20.4522870186481
"SAMPLE_0309",12.609013526363,10.3626836208122,9.83731322718898,13.0004750879575,10.4096057457614,13.1934464304813
"SAMPLE_0310",14.9814253860935,10.911770362614,12.2468735026473,12.4875786021594,10.4536599526883,15.3122560017986
"SAMPLE_0311",13.2792500957014,6.44306661195222,11.3523094535262,14.6084679455992,9.91020540987535,12.0239545495222
"SAMPLE_0312",15.3545331772,8.76064575262228,11.5669691345579,8.69452567995909,12.6727300273229,14.1607721560351
"SAMPLE_0313",14.8653127270939,9.86969925057497,14.4349180101846,17.6937667711608,13.8997033618072,16.9867610203158
"SAMPLE_0314",20.1302661265458,13.593230465077,17.995659806524,16.0396468412546,16.8927025464051,22.5375853714867
"SAMPLE_0315",12.8454313891293,11.2589973098219,12.2010316381166,8.71195413132577,11.5454832881078,16.9005420454781
"SAMPLE_0316",11.3569561106011,10.0778504460493,10.712498673329,13.82736088665,10.4526609040956,11.6392469267966
"SAMPLE_0317",11.825585865327,9.93217234371761,10.6797151412916,14.4649876217524,11.9992836184334,13.9067853770956
"SAMPLE_0318",11.0244199098925,10.2497262357092,8.73284299448105,10.0442771240315,11.1258106270444,12.5676373535819
"SAMPLE_0319",20.1562279476941,10.1370110783531,16.374459037819,8.18311763034988,15.2606441254918,16.9242556243709
"SAMPLE_0320",20.4604416601755,10.0897137078664,16.5907282305855,13.9997412454798,14.491041055857,20.2572203615993
"SAMPLE_0321",9.05274185799899,6.87529060396283,7.72380414116835,12.0339714016808,7.10609614024921,10.3505386407766
"SAMPLE_0322",17.6622195298313,11.7695083127051,12.2338475594263,8.62926933661896,11.796865235081,15.7531205587036
"SAMPLE_0323",8.31776770677237,8.16777882693028,10.5642015560991,14.4213032622842,9.1969390285673,10.2262611511573
"SAMPLE_0324",12.5489881509292,10.0165393185108,13.5693942555617,7.4378547673476,10.9044308068419,11.4273312059279
"SAMPLE_0325",10.2426459829053,7.62793158069255,9.18823515170171,15.1002397587,9.15619820792145,12.08766842563
"SAMPLE_0326",13.1645097387018,9.56112159287162,11.9742235773452,10.4737513634232,10.0231048024888,16.2584546275958
"SAMPLE_0327",16.8019503691957,11.1854767222565,16.4434680809691,7.8491904740015,16.3858212809696,17.6683309132377
"SAMPLE_0328",17.3039023709909,9.29380220727324,13.3691915052186,18.8888895691701,13.2768045009829,16.8537292676781
"SAMPLE_0329",15.1898563523572,10.0283980185409,12.2423018956298,11.602899404617,14.3097098325356,15.7416714611971
"SAMPLE_0330",12.1093688540741,8.06604366639643,9.13480346287594,18.5238911679067,11.3188463155369,16.0676846671803
"SAMPLE_0331",12.014905000183,10.0526956337373,9.18300397816875,13.1966583608815,11.0799561943222,9.95054585988984
"SAMPLE_0332",12.6356344792458,10.1849839255531,13.380479522438,11.2380672387548,12.9618681622784,15.0942849089116
"SAMPLE_0333",9.93772480933364,9.84315292379828,9.61229499856896,9.94194297875011,9.85693610891306,11.0956803075065
"SAMPLE_0334",12.0100914010175,10.3173306497253,8.99844706595328,11.2346943252814,8.20970723813778,11.2352428790264
"SAMPLE_0335",19.9837260197073,11.7094857770516,16.3152997943048,6.19186279340163,15.1824265800797,19.2879971369537
"SAMPLE_0336",18.9581221272724,13.3845858384377,16.3844072033508,9.56874172610192,17.5084883499952,21.0138978173309
"SAMPLE_0337",10.2947769215494,8.85890962418619,12.1636293201239,10.6076041077365,11.7304588327474,15.9232632836903
"SAMPLE_0338",18.1289494879386,11.6893310232939,15.1953684879934,13.8170680380105,16.1598322873282,20.267051087564
"SAMPLE_0339",12.8096732522256,9.42658854814269,10.3174557774635,18.7877631274745,10.2558431256066,15.3510478418996
"SAMPLE_0340",13.0376434707687,10.1972438699905,10.5784059616892,13.9324616534883,11.0429260312239,14.317956807143
"SAMPLE_0341",25.7538272126518,13.3791705212164,20.6452905857601,12.7956669961806,19.2855983588907,23.3282179319811
"SAMPLE_0342",15.5465132457166,12.8746921804462,13.9364496203936,10.431272850064,11.6361015181787,14.3747334348095
"SAMPLE_0343",16.8556074328213,11.2944262012683,13.1284416514939,15.9348651923166,12.1053205756362,17.0060592687604
"SAMPLE_0344",17.2769344105829,10.3795521308307,13.5691666280463,13.5374430494748,14.5757847399393,16.5466173641553
"SAMPLE_0345",10.7039467500618,9.40232505143903,8.26059395549733,9.72733268765509,9.78929936485823,12.4602824667395
"SAMPLE_0346",9.41006045145649,7.88273397141491,8.25249714122331,16.8937607768314,8.7683928215879,11.8374643751042
"SAMPLE_0347",13.2256972245394,9.11690214804244,10.5348285793111,17.7512246699863,10.7719057630857,14.7117870936111
"SAMPLE_0348",11.5019375629343,10.8303554256435,11.4189686869345,7.8166884890009,10.7130309388133,13.4384400042762
"SAMPLE_0349",18.9618146826827,13.6415321402933,15.6713624516818,14.5389064968596,14.739877896395,19.0315363468903
"SAMPLE_0350",9.78866041172506,8.05573203935153,8.85797852170137,8.81277558545993,7.47395278739151,9.35085401730054
"SAMPLE_0351",15.8257671607245,12.0669398309831,13.4259747689673,5.84772510731664,11.5111558396263,16.9139418903907
"SAMPLE_0352",13.397969172148,11.8720652148096,12.2731565713373,20.0123168201052,14.5486937102341,17.6586191246607
"SAMPLE_0353",11.8397623291397,11.2007964434698,10.8925071031164,20.2034520047743,11.788102177957,14.3232870224399
"SAMPLE_0354",13.1711220986059,9.22437843116259,12.7335753901156,9.02770184252961,10.6465046721049,15.3036276648751
"SAMPLE_0355",12.1887885301494,11.2362943146624,11.8374671517889,8.44365942964488,11.7951304678508,15.5063612011417
"SAMPLE_0356",12.4352926884948,8.41107007689214,12.5961072990854,14.9491994942337,11.0478609601391,14.9086503132876
"SAMPLE_0357",12.2485601861247,9.00424590517632,11.4203515974254,9.14810579062295,12.2433226850818,13.6754196139516
"SAMPLE_0358",15.2988746953369,11.7548725804875,12.5911474899394,16.8527076378546,13.7437287114051,17.757100985642
"SAMPLE_0359",9.61348849715572,10.4632918814838,10.3819819220885,16.0815751768715,10.7575274869307,13.1022685367084
"SAMPLE_0360",15.6133994703973,13.0061415244979,13.063371591563,13.2663714526868,12.6170764370206,16.3238701298124
"SAMPLE_0361",15.2282987954007,12.342532899149,16.1869241361892,18.0815721230893,14.4535793798128,17.2954629593012
"SAMPLE_0362",17.1193085853356,12.0005202700326,14.701007347639,17.7133258423411,15.0937058836148,17.9490198893253
"SAMPLE_0363",11.7832678891822,7.70565528208002,11.4526640577248,11.0526307693119,11.8207752941469,11.8509411939814
"SAMPLE_0364",24.7850813895311,13.1552860665062,20.216034625652,12.9038211989198,18.0492301610487,24.2311996963653
"SAMPLE_0365",17.1561141087101,10.883579189163,12.9153211984076,14.2959976963344,12.6670171102778,16.8952506484765
"SAMPLE_0366",12.5966663020465,12.701107909989,11.0631980148383,18.945469429273,11.2523265397232,13.3689786081764
"SAMPLE_0367",11.6490734267962,7.39508004357688,11.5426670879477,11.0487984606558,13.2326953340302,12.5868137670167
"SAMPLE_0368",15.6806163832269,14.3691911657465,16.7065358253125,18.1201931402729,15.282382250565,19.3773727428015
"SAMPLE_0369",18.1233418510942,11.460505116842,15.8468197916527,8.70648784482659,16.1458334427011,20.1901952516608
"SAMPLE_0370",11.2756719871174,10.9922121382678,10.7967548749696,11.2805028844049,10.0049368623232,11.61556032103
"SAMPLE_0371",23.9152190365436,10.5178946742339,16.6916141730314,16.1659893237209,15.7458760956045,22.711734459482
"SAMPLE_0372",11.9435859987344,10.1460554457356,10.3525991374036,11.9342374206651,10.7567638277873,13.469226153832
"SAMPLE_0373",11.1980125763625,7.96172893664337,11.3648441943599,11.6203347957772,9.75783599041993,12.5776752308815
"SAMPLE_0374",18.8144972090172,12.485003156784,13.8661839937776,17.0474140960789,16.3986580144737,16.2619188643072
"SAMPLE_0375",21.4903156938881,16.1579438322865,18.1849387265547,13.5661953125995,18.9689069166154,22.3287214850161
"SAMPLE_0376",16.6122970420213,14.5397447917514,16.0484039255664,14.358475132242,15.6248534205811,19.40956837524
"SAMPLE_0377",13.5561243334105,11.6511133332079,11.7854735915951,19.9101200880166,13.6807894107304,16.3979432096114
"SAMPLE_0378",15.462722083934,12.6066102740229,12.9673995351795,12.0206452922971,15.2742508738668,16.7802876899181
"SAMPLE_0379",18.4038406234874,13.0496214019416,14.4444546141159,12.3199593776458,15.8523825026185,18.2455472732578
"SAMPLE_0380",15.7195037376003,10.5262508600178,15.4839446390971,16.1474153099287,12.8251476866282,15.9035471981535
"SAMPLE_0381",12.4913275559459,9.84190463281,11.3705623654046,14.2766667055519,9.73134115283777,12.3087571030903
"SAMPLE_0382",12.0320814971322,7.48435841635591,10.4935467727163,5.5764821088444,8.26623790863323,12.083390484233
"SAMPLE_0383",15.2489363634755,11.9044764838979,14.3865341481981,15.5460436938175,11.0079623312873,17.6844722063566
"SAMPLE_0384",9.37707891749498,8.41911740340982,8.712896763834,8.41545633559759,9.22896566762927,10.850291280241
"SAMPLE_0385",16.3189145916936,13.4280718489725,15.4372011702808,14.0041423462891,14.2377016247491,17.8013902213954
"SAMPLE_0386",12.9643003766411,9.59130303659408,8.24024305197097,15.8401011823177,10.5216499057798,12.4333526915047
"SAMPLE_0387",14.019283361387,9.6040311083873,12.3906630520666,17.0164215250261,13.6063986709573,15.1927648970975
"SAMPLE_0388",13.1472210508365,11.5970211996784,14.285578845252,9.86912168722021,13.6803629296562,17.4808480454251
"SAMPLE_0389",18.4727484997108,10.5181139894709,16.5108797539656,12.8812174835214,14.9594865543807,20.3271896685477
"SAMPLE_0390",18.2396537966441,9.91823048720898,12.7798332054815,10.7575140509704,13.498206719797,15.7785756167223
"SAMPLE_0391",9.34495744623889,7.43177770976375,8.2051066733327,9.89881164003711,8.9474317639893,10.6543620594444
"SAMPLE_0392",11.3299079821388,10.0042207616282,10.2396479123906,16.0831381601755,10.264785738452,13.8353234441318
"SAMPLE_0393",20.6685806394005,11.4029896646582,18.0451808028566,16.8389623866564,17.0988131771922,18.9513083966222
"SAMPLE_0394",9.4037914825859,10.257086185023,10.5880871896146,14.2600620036797,9.83475989177103,10.633876098182
"SAMPLE_0395",13.2832754956448,11.1768244120155,12.9694688938881,17.0659140173719,11.7613783446191,15.1128409284531
"SAMPLE_0396",14.7684762245079,9.18756484794817,10.7442098330767,13.9118124735843,10.5557128402648,15.0361894148996
"SAMPLE_0397",13.3647631090244,9.15338953038902,11.8654551167458,6.41164255664696,11.6119635125956,14.8883953430056
"SAMPLE_0398",19.4532898587692,9.81653478793387,16.1238435497489,6.65826437115117,15.5830983648909,17.2481147560894
"SAMPLE_0399",13.1411173729837,10.2612326244356,12.6177735436246,17.9391217788851,13.5012486843299,16.5304185991421
"SAMPLE_0400",12.2155820278101,10.3651119224083,10.9707422245242,13.8201993918802,12.3454706124566,13.3284532421775
"SAMPLE_0401",15.3492887510765,9.04883174519524,11.5731969464149,16.3905452137156,11.7511614967325,13.654880247616
"SAMPLE_0402",8.8947543006477,7.71723810539728,8.47248264122257,15.0793847405359,8.62162900896944,9.43148147192909
"SAMPLE_0403",10.5109689930529,8.47399693331926,9.89857617629982,11.5948647758512,8.43147158299479,12.3928664747453
"SAMPLE_0404",15.6906987927493,14.6794323382859,14.4362140003953,18.5180318072699,14.4271049911957,18.5230644397629
"SAMPLE_0405",14.5198386409057,11.8367952533317,12.4532361805062,7.76221731836694,12.8086754737688,14.8394184882902
"SAMPLE_0406",14.7392365819761,10.0796643247418,15.3574371199475,11.7866175929236,13.8588326593568,16.6133318673559
"SAMPLE_0407",15.2293787932096,11.2471494680712,13.8765313953229,14.5657037009149,11.0445010477084,17.6262233445587
"SAMPLE_0408",15.4655944525295,9.8537305493186,13.6555385766065,15.9992481562096,10.06954712033,16.061599622228
"SAMPLE_0409",18.7930741824785,11.6750137549165,14.1706292193747,15.0490542554493,15.1208697242621,17.8601069520119
"SAMPLE_0410",10.6892201870681,8.4732995689722,8.9542047487313,15.1960034156997,9.30560161577999,10.027465723361
"SAMPLE_0411",10.7963088216455,11.6001374054597,9.45852575923845,18.6246630763424,7.14962116006658,12.8083553785099
"SAMPLE_0412",13.6252590134603,9.91068565238263,13.3051359009053,8.37128559502261,11.8874824777728,16.214374212604
"SAMPLE_0413",10.136424513125,7.88165692713797,7.23850628487383,14.7554642530229,8.41614759751271,9.96297333412422
"SAMPLE_0414",11.7972823264655,7.83208180836695,11.6824909138136,13.3329306447379,12.2809724813422,13.8023236418502
"SAMPLE_0415",15.1018605062657,11.3897996436982,14.0357622276337,16.058581704145,11.3780774451333,14.5808746954417
"SAMPLE_0416",14.0806834753638,11.8924214177322,14.4208944935883,10.4659858994926,12.415273854731,16.3342684252303
"SAMPLE_0417",11.9911063969666,9.92599152464938,10.3574109473868,17.8945856657991,8.53149448143627,12.4640187307624
"SAMPLE_0418",13.1357870646639,8.95306068621395,11.8617229423643,11.2282362496165,12.1849260583275,14.7259448976154
"SAMPLE_0419",15.6585161915662,12.7867550538057,14.9721803297824,5.83609058341702,14.3270022215193,15.933696448482
"SAMPLE_0420",17.6087970593731,12.6085258928838,15.3235789099775,11.8763740269801,13.7256856033614,18.5225056529048
"SAMPLE_0421",17.31239057554,11.5984056589179,13.3084887564057,11.6716306352861,11.7005703738076,17.5968578408375
"SAMPLE_0422",10.2197388405058,8.11351215422788,9.8000422636391,18.6476623677033,8.13688006903131,9.97777224797886
"SAMPLE_0423",11.0638372874926,8.08362933134122,9.75733488806652,10.5684081174226,8.75125081981737,11.4498332973037
"SAMPLE_0424",16.4952462986878,12.4770068973574,15.1922014300598,17.5721826518309,14.2103075748671,18.4703050391356
"SAMPLE_0425",18.0818008725486,12.2200326327006,15.184741606336,15.2227069797453,16.7653638840541,19.6892755042407
"SAMPLE_0426",11.501718683842,11.2127508370734,12.1895782176537,10.8944882304739,9.91987152749074,12.5922245839752
"SAMPLE_0427",16.0850450266623,11.4985044524458,13.1940712874192,15.8285052199544,13.283463950932,15.3664438897743
"SAMPLE_0428",12.0687747552839,10.1063350867143,12.1967376062651,12.0586778349358,10.6094235865974,14.3364908843735
"SAMPLE_0429",20.8585382160522,15.5568901111779,17.1166020765406,15.4031714550648,15.5043802889722,18.7663557333565
"SAMPLE_0430",11.0794207713432,10.5558895894258,11.0843997430824,7.16503163820275,11.9452810063864,13.0430007574911
"SAMPLE_0431",14.1997203378314,11.6720261315469,13.902637317554,13.6385652179176,11.9783165270093,16.8440229212967
"SAMPLE_0432",21.3130146796445,9.90947930373608,15.0650610304468,14.4266996191221,18.4373574239586,17.91779125197
"SAMPLE_0433",20.8989707676737,13.1796131733027,18.9771205513136,15.1100901390707,17.9550177348589,20.8886884722505
"SAMPLE_0434",16.5736013210264,11.4054064146966,16.0285957994764,11.9848599998252,15.2154082275309,18.53735042814
"SAMPLE_0435",12.2609159729536,10.7294646012862,9.03698923813792,14.9828183454278,11.7339040285364,14.2312133334056
"SAMPLE_0436",20.5632076158214,12.5414235183072,18.848254664338,14.7319732198114,19.5560825983913,20.2078558233156
"SAMPLE_0437",19.8961255413407,10.8781127322982,13.8214964765841,6.79595698835705,15.9707741937528,19.5508221981427
"SAMPLE_0438",11.7612617051734,8.1654577116958,10.5107112898311,14.8036628718641,9.59113122086813,11.1926039197845
"SAMPLE_0439",20.2901375225397,13.0891803592861,18.382840317009,11.4327916065492,16.8242619868069,22.169004117487
"SAMPLE_0440",14.4864650223657,11.5725385488682,10.7979899066889,13.7663902864947,10.3240481208311,13.8908191910074
"SAMPLE_0441",10.8693444762907,11.0044847476263,11.2426502795727,12.104513492611,10.4328911419343,14.5707317317467
"SAMPLE_0442",22.4676785353615,13.0504366510052,19.918772435875,11.4809793151448,18.994443475006,21.975902731865
"SAMPLE_0443",12.2415942568384,7.91265650925895,9.83145800174763,14.5008786612148,10.2646160878633,12.8152425769453
"SAMPLE_0444",12.0273724789907,8.67088833953146,11.1809262546215,14.4430971437965,9.76136539138053,14.7187212395196
"SAMPLE_0445",22.412921603235,12.2279266950543,19.4915702239015,9.62435004058893,18.931084227528,22.9432796239303
"SAMPLE_0446",19.4898399027361,10.9086141553747,14.7124991989836,16.7288914767248,16.4203830357744,19.4405100072619
"SAMPLE_0447",12.9548045172394,9.1005715929121,9.37081727870172,13.8947703078894,10.3102774333106,14.1234814791505
"SAMPLE_0448",16.4464123695277,11.5046183181491,10.7953498909012,14.7893436229807,11.811254977304,15.8917589085785
"SAMPLE_0449",9.34967018317301,8.10241011949787,10.112435269172,10.9359013989937,9.73723527143408,13.0737617578879
"SAMPLE_0450",11.8360321405638,8.77439701196169,11.8361513881794,13.2137465183863,11.6702589476689,14.4313359262816
"SAMPLE_0451",12.6360001448708,9.01252381610546,12.119631269793,16.2907204192866,10.6399074851684,12.9373005838423
"SAMPLE_0452",11.550271642187,6.82272072419785,9.37493708193903,12.1478376211627,10.3779980013407,12.8211785027401
"SAMPLE_0453",13.5211546290923,10.5099892623795,12.8542863772381,11.494062453909,11.8487313142767,14.1990921757509
"SAMPLE_0454",19.7652494856086,10.2981922405687,16.2394554600087,6.81126311873445,13.7394474399736,18.869157495412
"SAMPLE_0455",15.8598825536295,12.240162415662,12.4481218436657,19.1299382760194,13.34560852485,15.2606134317444
"SAMPLE_0456",9.1823685612302,8.51560027545865,11.8720173972205,11.5727668887464,11.3389496373633,15.7655427965997
"SAMPLE_0457",13.1237219484721,10.5677178991615,12.4472023020895,9.79448122459639,12.2419681662112,13.6564787167202
"SAMPLE_0458",19.4678075104711,12.545064088656,18.2491177416029,13.8710349954051,15.9733013197546,19.2953521216646
"SAMPLE_0459",10.6008199797121,6.88588978921069,9.60433315059138,16.0539782910675,9.2375762303033,12.0083182388773
"SAMPLE_0460",11.8950743713011,11.004738464815,11.881035011561,15.4967516238967,9.86657055472044,15.0931356778531
"SAMPLE_0461",15.4231170513563,11.2389436636782,12.0419476370132,9.85529652909807,12.6585115212124,16.231465801501
"SAMPLE_0462",14.45877511466,12.6086088595733,13.4831851973305,17.8818804774414,11.9215012462876,15.7248122507464
"SAMPLE_0463",14.8137016631498,10.7076113379636,13.3638864246806,7.58171726484714,11.4532573318097,15.9023479501086
"SAMPLE_0464",16.9483167884764,11.3171378258747,15.029766426019,16.3261122864843,13.4944159263171,19.3389552822946
"SAMPLE_0465",10.2641057862995,9.42445447960462,10.7613260180498,7.58014490699238,10.6825557306697,11.3509865219704
"SAMPLE_0466",21.8699249095752,11.2430181976786,16.3870546114773,9.55705520356986,15.7545835736153,18.5790132330975
"SAMPLE_0467",13.6119195498794,7.51582910683623,11.2547474509997,12.7693317037577,11.8107027202794,12.547280383074
"SAMPLE_0468",13.3244143328622,6.1097724305123,9.48323190218638,15.0075249466231,9.46351681955603,11.6971966670603
"SAMPLE_0469",17.7938782634145,11.2769400188245,15.6480440951998,14.7359054951233,15.7674226302941,18.2960899804292
"SAMPLE_0470",11.0261110692067,7.86892634377551,8.19358319960691,11.2104744948367,8.72604530127335,11.1198958358757
"SAMPLE_0471",16.9165248614971,11.0454958133692,12.7939321708229,17.8340039169772,11.5257039681403,17.7000314675485
"SAMPLE_0472",12.8890958170191,9.05432168167672,11.3668737205885,9.58085258725943,12.4164452031991,15.0527974636107
"SAMPLE_0473",8.44374909070356,6.10069454116751,7.13498077787452,15.7967414134592,9.19575661315516,12.0844806147761
"SAMPLE_0474",22.2211684191133,12.2682063683756,18.9951263606884,17.5927577955294,18.1839370150633,21.290784862663
"SAMPLE_0475",11.2806218184226,10.8725759321263,9.17130539063668,16.7724219315485,9.36629889324131,14.9084832272823
"SAMPLE_0476",16.649652918153,9.10518495593233,12.0040663556228,15.6308779084577,13.6388256108604,16.7181184450531
"SAMPLE_0477",21.272381407232,10.8249236882317,17.2700169274122,15.8096053908338,15.728589030322,18.8357959469018
"SAMPLE_0478",13.0952001459647,10.0456783255242,10.9773249235121,13.5203352286676,10.9649658195978,13.9411959755343
"SAMPLE_0479",18.4685406114311,11.3291731017282,13.8919866945488,15.2958147148748,15.37889924796,20.2008762335023
"SAMPLE_0480",11.5916826205034,9.24478811940242,9.66109251406294,15.2507428317283,11.0349762904335,13.7458590704842
"SAMPLE_0481",10.8747773111603,11.6120280832542,11.2668885256833,14.086867276567,11.2796464808727,10.6842201920261
"SAMPLE_0482",11.5312867142528,8.42937076408067,11.1734816477927,10.4311530163104,10.0767945060928,16.4520586684109
"SAMPLE_0483",20.0844181024035,11.1233328424618,16.2721017700521,10.9459622768964,15.1895987570607,21.4533771992193
"SAMPLE_0484",17.3201987120236,10.3472440451731,16.1082410377804,14.2533725804208,12.9270300011081,17.3493715323785
"SAMPLE_0485",14.2321995324058,12.5941392920475,11.2624617652149,15.3286865563157,11.273214510863,14.7499776467848
"SAMPLE_0486",17.1257824240166,11.0054568613721,15.0808547554645,13.8623115384273,16.0671611853551,16.7240555004203
"SAMPLE_0487",15.5299442341258,10.7436244351513,12.3265204022503,18.317697683706,14.1964551589576,15.6311976973788
"SAMPLE_0488",10.4832577507033,10.7153516918715,10.3491753884504,19.6800029510253,10.2207404971445,13.6392200970231
"SAMPLE_0489",13.0446289871199,8.91998839179611,12.7478819041314,13.0204772105669,9.90531494567154,13.1949535216265
"SAMPLE_0490",12.085711275367,11.943313419766,12.3925818823563,16.1011732408987,10.0324338526604,14.2805117127262
"SAMPLE_0491",9.29764601529458,8.61690333739333,9.0461720370454,9.75620805654195,10.421521154026,11.8264487722375
"SAMPLE_0492",16.0295760769127,8.43274516282483,10.6797001204336,15.5770597016327,11.4978147277514,12.0178907366502
"SAMPLE_0493",12.2505127986689,9.3649532999584,9.03746080863963,16.9884361303652,9.19235471749296,11.66707854554
"SAMPLE_0494",16.4669049956052,10.2785981522934,16.764306285445,12.2120075604324,14.921728028134,17.4114217454824
"SAMPLE_0495",13.8505941954666,10.7499905015451,12.2502003305763,6.22299722218249,11.948550062188,15.3928085165397
"SAMPLE_0496",11.3195935615371,10.2285172973568,12.1005616226804,10.0946585492116,12.5613386018693,15.6832186626554
"SAMPLE_0497",11.8978792142212,9.53716113643263,10.1288341925812,12.3209680046556,10.4905701180201,10.8887594636808
"SAMPLE_0498",10.558324021878,7.52973442243019,10.4076942085477,14.3112409871256,9.20952057955927,11.2621469320542
"SAMPLE_0499",12.3551140577206,9.3464308641511,12.31149902751,13.443416318634,12.6429741060857,15.031321136928
"SAMPLE_0500",13.7192227696607,10.7103908398316,12.2060479007255,12.7840943185158,12.9946916090425,16.0644769714124
