"pt_id","day","time_group","clustnm","n_cells","fraction"
2047,0,"Day0_baseline","C0_CD4 T",2590,0.483931240657698
2047,0,"Day0_baseline","C10_Naive CD8 T",236,0.0440956651718984
2047,0,"Day0_baseline","C11_pDC",5,0.00093423019431988
2047,0,"Day0_baseline","C12_Tregs",11,0.00205530642750374
2047,0,"Day0_baseline","C13_cDC1",4,0.000747384155455904
2047,0,"Day0_baseline","C14_Plasmablasts",7,0.00130792227204783
2047,0,"Day0_baseline","C15_HPCs",9,0.00168161434977578
2047,0,"Day0_baseline","C16_NK T",12,0.00224215246636771
2047,0,"Day0_baseline","C17_Naive B",11,0.00205530642750374
2047,0,"Day0_baseline","C1_NK",529,0.0988415545590434
2047,0,"Day0_baseline","C2",7,0.00130792227204783
2047,0,"Day0_baseline","C3_CD14+ monocytes",954,0.178251121076233
2047,0,"Day0_baseline","C4_CD16+ monocytes",170,0.0317638266068759
2047,0,"Day0_baseline","C5_B",254,0.0474588938714499
2047,0,"Day0_baseline","C6_CD8 T",439,0.0820254110612855
2047,0,"Day0_baseline","C7_cDC2",65,0.0121449925261584
2047,0,"Day0_baseline","C8_CD14+BDCA1+PD-L1+ cells",1,0.000186846038863976
2047,0,"Day0_baseline","C9_Platelets",48,0.00896860986547085
2047,1,"Early_post_vaccination","C0_CD4 T",291,0.0802980132450331
2047,1,"Early_post_vaccination","C10_Naive CD8 T",43,0.0118653421633554
2047,1,"Early_post_vaccination","C11_pDC",71,0.0195916114790287
2047,1,"Early_post_vaccination","C12_Tregs",74,0.0204194260485651
2047,1,"Early_post_vaccination","C13_cDC1",18,0.00496688741721854
2047,1,"Early_post_vaccination","C14_Plasmablasts",23,0.00634657836644592
2047,1,"Early_post_vaccination","C15_HPCs",47,0.0129690949227373
2047,1,"Early_post_vaccination","C16_NK T",22,0.00607064017660044
2047,1,"Early_post_vaccination","C17_Naive B",1,0.000275938189845475
2047,1,"Early_post_vaccination","C1_NK",1757,0.484823399558499
2047,1,"Early_post_vaccination","C2",7,0.00193156732891832
2047,1,"Early_post_vaccination","C3_CD14+ monocytes",181,0.0499448123620309
2047,1,"Early_post_vaccination","C4_CD16+ monocytes",433,0.11948123620309
2047,1,"Early_post_vaccination","C5_B",35,0.00965783664459161
2047,1,"Early_post_vaccination","C6_CD8 T",93,0.0256622516556291
2047,1,"Early_post_vaccination","C7_cDC2",178,0.0491169977924945
2047,1,"Early_post_vaccination","C8_CD14+BDCA1+PD-L1+ cells",6,0.00165562913907285
2047,1,"Early_post_vaccination","C9_Platelets",344,0.0949227373068433
2047,2,"Early_post_vaccination","C0_CD4 T",1470,0.453983940704138
2047,2,"Early_post_vaccination","C10_Naive CD8 T",201,0.0620753551575046
2047,2,"Early_post_vaccination","C11_pDC",2,0.000617665225447807
2047,2,"Early_post_vaccination","C13_cDC1",2,0.000617665225447807
2047,2,"Early_post_vaccination","C14_Plasmablasts",12,0.00370599135268684
2047,2,"Early_post_vaccination","C15_HPCs",4,0.00123533045089561
2047,2,"Early_post_vaccination","C16_NK T",5,0.00154416306361952
2047,2,"Early_post_vaccination","C17_Naive B",2,0.000617665225447807
2047,2,"Early_post_vaccination","C1_NK",381,0.117665225447807
2047,2,"Early_post_vaccination","C2",14,0.00432365657813465
2047,2,"Early_post_vaccination","C3_CD14+ monocytes",483,0.149166151945645
2047,2,"Early_post_vaccination","C4_CD16+ monocytes",189,0.0583693638048178
2047,2,"Early_post_vaccination","C5_B",103,0.0318097591105621
2047,2,"Early_post_vaccination","C6_CD8 T",265,0.0818406423718345
2047,2,"Early_post_vaccination","C7_cDC2",36,0.0111179740580605
2047,2,"Early_post_vaccination","C8_CD14+BDCA1+PD-L1+ cells",6,0.00185299567634342
2047,2,"Early_post_vaccination","C9_Platelets",63,0.0194564546016059
2047,7,"Day7_post_vaccination","C0_CD4 T",1378,0.257618246401196
2047,7,"Day7_post_vaccination","C10_Naive CD8 T",185,0.0345859039072724
2047,7,"Day7_post_vaccination","C11_pDC",39,0.00729108244531688
2047,7,"Day7_post_vaccination","C12_Tregs",59,0.0110300990839409
2047,7,"Day7_post_vaccination","C13_cDC1",34,0.00635632828566087
2047,7,"Day7_post_vaccination","C14_Plasmablasts",32,0.00598242662179847
2047,7,"Day7_post_vaccination","C15_HPCs",47,0.0087866891007665
2047,7,"Day7_post_vaccination","C16_NK T",28,0.00523462329407366
2047,7,"Day7_post_vaccination","C17_Naive B",4,0.000747803327724808
2047,7,"Day7_post_vaccination","C1_NK",1552,0.290147691157226
2047,7,"Day7_post_vaccination","C2",10,0.00186950831931202
2047,7,"Day7_post_vaccination","C3_CD14+ monocytes",511,0.0955318751168443
2047,7,"Day7_post_vaccination","C4_CD16+ monocytes",543,0.101514301738643
2047,7,"Day7_post_vaccination","C5_B",102,0.0190689848569826
2047,7,"Day7_post_vaccination","C6_CD8 T",393,0.0734716769489624
2047,7,"Day7_post_vaccination","C7_cDC2",157,0.0293512806131987
2047,7,"Day7_post_vaccination","C8_CD14+BDCA1+PD-L1+ cells",1,0.000186950831931202
2047,7,"Day7_post_vaccination","C9_Platelets",274,0.0512245279491494
2047,21,"Day21","C0_CD4 T",1341,0.270909090909091
2047,21,"Day21","C10_Naive CD8 T",237,0.0478787878787879
2047,21,"Day21","C11_pDC",58,0.0117171717171717
2047,21,"Day21","C12_Tregs",36,0.00727272727272727
2047,21,"Day21","C13_cDC1",26,0.00525252525252525
2047,21,"Day21","C14_Plasmablasts",16,0.00323232323232323
2047,21,"Day21","C15_HPCs",57,0.0115151515151515
2047,21,"Day21","C16_NK T",22,0.00444444444444444
2047,21,"Day21","C17_Naive B",7,0.00141414141414141
2047,21,"Day21","C1_NK",1348,0.272323232323232
2047,21,"Day21","C3_CD14+ monocytes",424,0.0856565656565657
2047,21,"Day21","C4_CD16+ monocytes",481,0.0971717171717172
2047,21,"Day21","C5_B",146,0.0294949494949495
2047,21,"Day21","C6_CD8 T",289,0.0583838383838384
2047,21,"Day21","C7_cDC2",167,0.0337373737373737
2047,21,"Day21","C8_CD14+BDCA1+PD-L1+ cells",1,0.000202020202020202
2047,21,"Day21","C9_Platelets",294,0.0593939393939394
2047,22,"Day22","C0_CD4 T",765,0.141430948419301
2047,22,"Day22","C10_Naive CD8 T",129,0.0238491403216861
2047,22,"Day22","C11_pDC",83,0.0153447957108523
2047,22,"Day22","C12_Tregs",39,0.007210205213533
2047,22,"Day22","C13_cDC1",28,0.00517655758920318
2047,22,"Day22","C14_Plasmablasts",46,0.0085043446108338
2047,22,"Day22","C15_HPCs",84,0.0155296727676095
2047,22,"Day22","C16_NK T",45,0.00831946755407654
2047,22,"Day22","C17_Naive B",3,0.000554631170271769
2047,22,"Day22","C1_NK",1824,0.337215751525236
2047,22,"Day22","C2",5,0.000924385283786282
2047,22,"Day22","C3_CD14+ monocytes",598,0.110556479940839
2047,22,"Day22","C4_CD16+ monocytes",814,0.150489924200407
2047,22,"Day22","C5_B",98,0.0181179515622111
2047,22,"Day22","C6_CD8 T",227,0.0419670918838972
2047,22,"Day22","C7_cDC2",307,0.0567572564244777
2047,22,"Day22","C8_CD14+BDCA1+PD-L1+ cells",9,0.00166389351081531
2047,22,"Day22","C9_Platelets",305,0.0563875023109632
2047,28,"Day28","C0_CD4 T",818,0.206983805668016
2047,28,"Day28","C10_Naive CD8 T",139,0.0351720647773279
2047,28,"Day28","C11_pDC",31,0.00784412955465587
2047,28,"Day28","C12_Tregs",26,0.00657894736842105
2047,28,"Day28","C13_cDC1",13,0.00328947368421053
2047,28,"Day28","C14_Plasmablasts",19,0.00480769230769231
2047,28,"Day28","C15_HPCs",63,0.0159412955465587
2047,28,"Day28","C16_NK T",15,0.00379554655870445
2047,28,"Day28","C17_Naive B",15,0.00379554655870445
2047,28,"Day28","C1_NK",1505,0.38081983805668
2047,28,"Day28","C3_CD14+ monocytes",394,0.0996963562753036
2047,28,"Day28","C4_CD16+ monocytes",321,0.0812246963562753
2047,28,"Day28","C5_B",101,0.0255566801619433
2047,28,"Day28","C6_CD8 T",239,0.0604757085020243
2047,28,"Day28","C7_cDC2",100,0.0253036437246964
2047,28,"Day28","C9_Platelets",153,0.0387145748987854
2047,42,"Day42","C0_CD4 T",662,0.162453987730061
2047,42,"Day42","C10_Naive CD8 T",110,0.0269938650306748
2047,42,"Day42","C11_pDC",46,0.0112883435582822
2047,42,"Day42","C12_Tregs",27,0.00662576687116564
2047,42,"Day42","C13_cDC1",20,0.0049079754601227
2047,42,"Day42","C14_Plasmablasts",11,0.00269938650306748
2047,42,"Day42","C15_HPCs",44,0.0107975460122699
2047,42,"Day42","C16_NK T",42,0.0103067484662577
2047,42,"Day42","C17_Naive B",6,0.00147239263803681
2047,42,"Day42","C1_NK",1136,0.278773006134969
2047,42,"Day42","C2",5,0.00122699386503067
2047,42,"Day42","C3_CD14+ monocytes",594,0.145766871165644
2047,42,"Day42","C4_CD16+ monocytes",435,0.106748466257669
2047,42,"Day42","C5_B",60,0.0147239263803681
2047,42,"Day42","C6_CD8 T",210,0.0515337423312883
2047,42,"Day42","C7_cDC2",169,0.0414723926380368
2047,42,"Day42","C8_CD14+BDCA1+PD-L1+ cells",5,0.00122699386503067
2047,42,"Day42","C9_Platelets",493,0.120981595092025
2049,0,"Day0_baseline","C0_CD4 T",1515,0.274705349048051
2049,0,"Day0_baseline","C10_Naive CD8 T",222,0.0402538531278332
2049,0,"Day0_baseline","C11_pDC",58,0.0105167724388033
2049,0,"Day0_baseline","C12_Tregs",70,0.0126926563916591
2049,0,"Day0_baseline","C13_cDC1",34,0.00616500453309157
2049,0,"Day0_baseline","C14_Plasmablasts",13,0.00235720761559384
2049,0,"Day0_baseline","C15_HPCs",8,0.0014505893019039
2049,0,"Day0_baseline","C16_NK T",23,0.00417044424297371
2049,0,"Day0_baseline","C17_Naive B",20,0.00362647325475975
2049,0,"Day0_baseline","C1_NK",761,0.137987307343608
2049,0,"Day0_baseline","C2",4,0.000725294650951949
2049,0,"Day0_baseline","C3_CD14+ monocytes",685,0.124206708975521
2049,0,"Day0_baseline","C4_CD16+ monocytes",327,0.0592928377153219
2049,0,"Day0_baseline","C5_B",807,0.146328195829556
2049,0,"Day0_baseline","C6_CD8 T",538,0.0975521305530372
2049,0,"Day0_baseline","C7_cDC2",291,0.0527651858567543
2049,0,"Day0_baseline","C8_CD14+BDCA1+PD-L1+ cells",1,0.000181323662737987
2049,0,"Day0_baseline","C9_Platelets",138,0.0250226654578422
2049,1,"Early_post_vaccination","C0_CD4 T",856,0.22033462033462
2049,1,"Early_post_vaccination","C10_Naive CD8 T",179,0.0460746460746461
2049,1,"Early_post_vaccination","C11_pDC",58,0.0149292149292149
2049,1,"Early_post_vaccination","C12_Tregs",34,0.00875160875160875
2049,1,"Early_post_vaccination","C13_cDC1",21,0.00540540540540541
2049,1,"Early_post_vaccination","C14_Plasmablasts",19,0.00489060489060489
2049,1,"Early_post_vaccination","C15_HPCs",9,0.00231660231660232
2049,1,"Early_post_vaccination","C16_NK T",14,0.0036036036036036
2049,1,"Early_post_vaccination","C17_Naive B",9,0.00231660231660232
2049,1,"Early_post_vaccination","C1_NK",694,0.178635778635779
2049,1,"Early_post_vaccination","C2",12,0.00308880308880309
2049,1,"Early_post_vaccination","C3_CD14+ monocytes",358,0.0921492921492922
2049,1,"Early_post_vaccination","C4_CD16+ monocytes",228,0.0586872586872587
2049,1,"Early_post_vaccination","C5_B",339,0.0872586872586873
2049,1,"Early_post_vaccination","C6_CD8 T",359,0.0924066924066924
2049,1,"Early_post_vaccination","C7_cDC2",309,0.0795366795366795
2049,1,"Early_post_vaccination","C8_CD14+BDCA1+PD-L1+ cells",23,0.00592020592020592
2049,1,"Early_post_vaccination","C9_Platelets",364,0.0936936936936937
2049,2,"Early_post_vaccination","C0_CD4 T",1318,0.232574554437974
2049,2,"Early_post_vaccination","C10_Naive CD8 T",196,0.034586200811717
2049,2,"Early_post_vaccination","C11_pDC",154,0.027174872066349
2049,2,"Early_post_vaccination","C12_Tregs",38,0.00670548791247574
2049,2,"Early_post_vaccination","C13_cDC1",16,0.00282336333156873
2049,2,"Early_post_vaccination","C14_Plasmablasts",29,0.00511734603846833
2049,2,"Early_post_vaccination","C15_HPCs",11,0.0019410622904535
2049,2,"Early_post_vaccination","C16_NK T",8,0.00141168166578437
2049,2,"Early_post_vaccination","C17_Naive B",19,0.00335274395623787
2049,2,"Early_post_vaccination","C1_NK",1173,0.206987824245633
2049,2,"Early_post_vaccination","C2",15,0.00264690312334569
2049,2,"Early_post_vaccination","C3_CD14+ monocytes",735,0.129698253043939
2049,2,"Early_post_vaccination","C4_CD16+ monocytes",552,0.0974060349391212
2049,2,"Early_post_vaccination","C5_B",529,0.0933474501499912
2049,2,"Early_post_vaccination","C6_CD8 T",564,0.0995235574377978
2049,2,"Early_post_vaccination","C7_cDC2",202,0.0356449620610552
2049,2,"Early_post_vaccination","C8_CD14+BDCA1+PD-L1+ cells",10,0.00176460208223046
2049,2,"Early_post_vaccination","C9_Platelets",98,0.0172931004058585
2049,7,"Day7_post_vaccination","C0_CD4 T",1191,0.241435232110278
2049,7,"Day7_post_vaccination","C10_Naive CD8 T",228,0.0462193391445368
2049,7,"Day7_post_vaccination","C11_pDC",60,0.0121629839854044
2049,7,"Day7_post_vaccination","C12_Tregs",55,0.0111494019866207
2049,7,"Day7_post_vaccination","C13_cDC1",39,0.00790593959051287
2049,7,"Day7_post_vaccination","C14_Plasmablasts",24,0.00486519359416177
2049,7,"Day7_post_vaccination","C15_HPCs",6,0.00121629839854044
2049,7,"Day7_post_vaccination","C16_NK T",19,0.00385161159537807
2049,7,"Day7_post_vaccination","C17_Naive B",25,0.00506790999391851
2049,7,"Day7_post_vaccination","C1_NK",703,0.142509629028988
2049,7,"Day7_post_vaccination","C2",10,0.0020271639975674
2049,7,"Day7_post_vaccination","C3_CD14+ monocytes",635,0.12872491384553
2049,7,"Day7_post_vaccination","C4_CD16+ monocytes",171,0.0346645043584026
2049,7,"Day7_post_vaccination","C5_B",657,0.133184674640178
2049,7,"Day7_post_vaccination","C6_CD8 T",597,0.121021690654774
2049,7,"Day7_post_vaccination","C7_cDC2",262,0.053111696736266
2049,7,"Day7_post_vaccination","C8_CD14+BDCA1+PD-L1+ cells",1,0.00020271639975674
2049,7,"Day7_post_vaccination","C9_Platelets",250,0.0506790999391851
2049,21,"Day21","C0_CD4 T",1742,0.268412942989214
2049,21,"Day21","C10_Naive CD8 T",287,0.0442218798151002
2049,21,"Day21","C11_pDC",96,0.0147919876733436
2049,21,"Day21","C12_Tregs",47,0.00724191063174114
2049,21,"Day21","C13_cDC1",31,0.00477657935285054
2049,21,"Day21","C14_Plasmablasts",20,0.00308166409861325
2049,21,"Day21","C15_HPCs",7,0.00107858243451464
2049,21,"Day21","C16_NK T",33,0.00508474576271186
2049,21,"Day21","C17_Naive B",38,0.00585516178736518
2049,21,"Day21","C1_NK",923,0.142218798151002
2049,21,"Day21","C2",14,0.00215716486902928
2049,21,"Day21","C3_CD14+ monocytes",858,0.132203389830508
2049,21,"Day21","C4_CD16+ monocytes",379,0.0583975346687211
2049,21,"Day21","C5_B",826,0.127272727272727
2049,21,"Day21","C6_CD8 T",696,0.107241910631741
2049,21,"Day21","C7_cDC2",309,0.0476117103235747
2049,21,"Day21","C8_CD14+BDCA1+PD-L1+ cells",1,0.000154083204930663
2049,21,"Day21","C9_Platelets",183,0.0281972265023112
2049,22,"Day22","C0_CD4 T",1297,0.255365229375861
2049,22,"Day22","C10_Naive CD8 T",187,0.0368182713132506
2049,22,"Day22","C11_pDC",37,0.00728489860208702
2049,22,"Day22","C12_Tregs",78,0.0153573538098051
2049,22,"Day22","C13_cDC1",9,0.00177200236266982
2049,22,"Day22","C14_Plasmablasts",16,0.00315022642252412
2049,22,"Day22","C15_HPCs",8,0.00157511321126206
2049,22,"Day22","C16_NK T",15,0.00295333727111636
2049,22,"Day22","C17_Naive B",9,0.00177200236266982
2049,22,"Day22","C1_NK",244,0.0480409529434928
2049,22,"Day22","C2",7,0.0013782240598543
2049,22,"Day22","C3_CD14+ monocytes",15,0.00295333727111636
2049,22,"Day22","C4_CD16+ monocytes",166,0.0326835991336877
2049,22,"Day22","C5_B",774,0.152392203189604
2049,22,"Day22","C6_CD8 T",281,0.0553258515455798
2049,22,"Day22","C7_cDC2",15,0.00295333727111636
2049,22,"Day22","C8_CD14+BDCA1+PD-L1+ cells",1600,0.315022642252412
2049,22,"Day22","C9_Platelets",321,0.0632014176018901
2049,28,"Day28","C0_CD4 T",865,0.207185628742515
2049,28,"Day28","C10_Naive CD8 T",118,0.0282634730538922
2049,28,"Day28","C11_pDC",33,0.00790419161676647
2049,28,"Day28","C12_Tregs",28,0.0067065868263473
2049,28,"Day28","C13_cDC1",43,0.0102994011976048
2049,28,"Day28","C14_Plasmablasts",21,0.00502994011976048
2049,28,"Day28","C15_HPCs",13,0.00311377245508982
2049,28,"Day28","C16_NK T",8,0.00191616766467066
2049,28,"Day28","C17_Naive B",5,0.00119760479041916
2049,28,"Day28","C1_NK",371,0.0888622754491018
2049,28,"Day28","C2",8,0.00191616766467066
2049,28,"Day28","C3_CD14+ monocytes",944,0.226107784431138
2049,28,"Day28","C4_CD16+ monocytes",225,0.0538922155688623
2049,28,"Day28","C5_B",475,0.11377245508982
2049,28,"Day28","C6_CD8 T",436,0.104431137724551
2049,28,"Day28","C7_cDC2",482,0.115449101796407
2049,28,"Day28","C8_CD14+BDCA1+PD-L1+ cells",3,0.000718562874251497
2049,28,"Day28","C9_Platelets",97,0.0232335329341317
2049,42,"Day42","C0_CD4 T",1362,0.272781894652514
2049,42,"Day42","C10_Naive CD8 T",254,0.0508712197075906
2049,42,"Day42","C11_pDC",75,0.0150210294412177
2049,42,"Day42","C12_Tregs",38,0.00761065491688364
2049,42,"Day42","C13_cDC1",37,0.00741037452433407
2049,42,"Day42","C14_Plasmablasts",17,0.00340476667334268
2049,42,"Day42","C15_HPCs",9,0.00180252353294612
2049,42,"Day42","C16_NK T",30,0.00600841177648708
2049,42,"Day42","C17_Naive B",11,0.00220308431804526
2049,42,"Day42","C1_NK",711,0.142399359102744
2049,42,"Day42","C2",2,0.000400560785099139
2049,42,"Day42","C3_CD14+ monocytes",417,0.0835169236931704
2049,42,"Day42","C4_CD16+ monocytes",226,0.0452633687162027
2049,42,"Day42","C5_B",590,0.118165431604246
2049,42,"Day42","C6_CD8 T",627,0.12557580612858
2049,42,"Day42","C7_cDC2",339,0.067895053074304
2049,42,"Day42","C8_CD14+BDCA1+PD-L1+ cells",2,0.000400560785099139
2049,42,"Day42","C9_Platelets",246,0.0492689765671941
2051,0,"Day0_baseline","C0_CD4 T",745,0.215069284064665
2051,0,"Day0_baseline","C10_Naive CD8 T",261,0.0753464203233256
2051,0,"Day0_baseline","C11_pDC",55,0.0158775981524249
2051,0,"Day0_baseline","C12_Tregs",15,0.00433025404157044
2051,0,"Day0_baseline","C13_cDC1",38,0.0109699769053118
2051,0,"Day0_baseline","C14_Plasmablasts",9,0.00259815242494226
2051,0,"Day0_baseline","C15_HPCs",15,0.00433025404157044
2051,0,"Day0_baseline","C16_NK T",7,0.00202078521939954
2051,0,"Day0_baseline","C17_Naive B",11,0.00317551963048499
2051,0,"Day0_baseline","C1_NK",324,0.0935334872979215
2051,0,"Day0_baseline","C2",3,0.000866050808314088
2051,0,"Day0_baseline","C3_CD14+ monocytes",580,0.16743648960739
2051,0,"Day0_baseline","C4_CD16+ monocytes",429,0.123845265588915
2051,0,"Day0_baseline","C5_B",346,0.0998845265588914
2051,0,"Day0_baseline","C6_CD8 T",294,0.0848729792147806
2051,0,"Day0_baseline","C7_cDC2",231,0.0666859122401848
2051,0,"Day0_baseline","C8_CD14+BDCA1+PD-L1+ cells",3,0.000866050808314088
2051,0,"Day0_baseline","C9_Platelets",98,0.0282909930715935
2051,1,"Early_post_vaccination","C0_CD4 T",765,0.149297423887588
2051,1,"Early_post_vaccination","C10_Naive CD8 T",301,0.0587431693989071
2051,1,"Early_post_vaccination","C11_pDC",163,0.0318110850897736
2051,1,"Early_post_vaccination","C12_Tregs",21,0.0040983606557377
2051,1,"Early_post_vaccination","C13_cDC1",28,0.00546448087431694
2051,1,"Early_post_vaccination","C14_Plasmablasts",48,0.00936768149882904
2051,1,"Early_post_vaccination","C15_HPCs",51,0.00995316159250586
2051,1,"Early_post_vaccination","C16_NK T",16,0.00312256049960968
2051,1,"Early_post_vaccination","C17_Naive B",8,0.00156128024980484
2051,1,"Early_post_vaccination","C1_NK",833,0.162568306010929
2051,1,"Early_post_vaccination","C2",2,0.00039032006245121
2051,1,"Early_post_vaccination","C3_CD14+ monocytes",733,0.143052302888368
2051,1,"Early_post_vaccination","C4_CD16+ monocytes",704,0.137392661982826
2051,1,"Early_post_vaccination","C5_B",197,0.0384465261514442
2051,1,"Early_post_vaccination","C6_CD8 T",506,0.0987509758001561
2051,1,"Early_post_vaccination","C7_cDC2",715,0.139539422326308
2051,1,"Early_post_vaccination","C8_CD14+BDCA1+PD-L1+ cells",28,0.00546448087431694
2051,1,"Early_post_vaccination","C9_Platelets",5,0.000975800156128025
2051,2,"Early_post_vaccination","C0_CD4 T",1217,0.251914717449803
2051,2,"Early_post_vaccination","C10_Naive CD8 T",400,0.0827985924239288
2051,2,"Early_post_vaccination","C11_pDC",61,0.0126267853446491
2051,2,"Early_post_vaccination","C12_Tregs",10,0.00206996481059822
2051,2,"Early_post_vaccination","C13_cDC1",15,0.00310494721589733
2051,2,"Early_post_vaccination","C14_Plasmablasts",29,0.00600289795073484
2051,2,"Early_post_vaccination","C15_HPCs",13,0.00269095425377769
2051,2,"Early_post_vaccination","C16_NK T",3,0.000620989443179466
2051,2,"Early_post_vaccination","C17_Naive B",19,0.00393293314013662
2051,2,"Early_post_vaccination","C1_NK",512,0.105982198302629
2051,2,"Early_post_vaccination","C2",3,0.000620989443179466
2051,2,"Early_post_vaccination","C3_CD14+ monocytes",486,0.100600289795073
2051,2,"Early_post_vaccination","C4_CD16+ monocytes",620,0.12833781825709
2051,2,"Early_post_vaccination","C5_B",380,0.0786586628027324
2051,2,"Early_post_vaccination","C6_CD8 T",652,0.134961705651004
2051,2,"Early_post_vaccination","C7_cDC2",331,0.0685158352308011
2051,2,"Early_post_vaccination","C8_CD14+BDCA1+PD-L1+ cells",9,0.0018629683295384
2051,2,"Early_post_vaccination","C9_Platelets",71,0.0146967501552474
2051,7,"Day7_post_vaccination","C0_CD4 T",863,0.196270184216511
2051,7,"Day7_post_vaccination","C10_Naive CD8 T",281,0.0639072094609961
2051,7,"Day7_post_vaccination","C11_pDC",60,0.0136456675005686
2051,7,"Day7_post_vaccination","C12_Tregs",19,0.00432112804184671
2051,7,"Day7_post_vaccination","C13_cDC1",28,0.006367978166932
2051,7,"Day7_post_vaccination","C14_Plasmablasts",41,0.00932453945872186
2051,7,"Day7_post_vaccination","C15_HPCs",17,0.00386627245849443
2051,7,"Day7_post_vaccination","C16_NK T",6,0.00136456675005686
2051,7,"Day7_post_vaccination","C17_Naive B",4,0.000909711166704571
2051,7,"Day7_post_vaccination","C1_NK",562,0.127814418921992
2051,7,"Day7_post_vaccination","C2",3,0.000682283375028428
2051,7,"Day7_post_vaccination","C3_CD14+ monocytes",460,0.104616784171026
2051,7,"Day7_post_vaccination","C4_CD16+ monocytes",724,0.164657721173527
2051,7,"Day7_post_vaccination","C5_B",239,0.0543552422105981
2051,7,"Day7_post_vaccination","C6_CD8 T",561,0.127586991130316
2051,7,"Day7_post_vaccination","C7_cDC2",453,0.103024789629293
2051,7,"Day7_post_vaccination","C8_CD14+BDCA1+PD-L1+ cells",2,0.000454855583352286
2051,7,"Day7_post_vaccination","C9_Platelets",74,0.0168296565840346
2051,21,"Day21","C0_CD4 T",993,0.197102024612942
2051,21,"Day21","C10_Naive CD8 T",350,0.0694720127034538
2051,21,"Day21","C11_pDC",98,0.019452163556967
2051,21,"Day21","C12_Tregs",21,0.00416832076220722
2051,21,"Day21","C13_cDC1",39,0.00774116712981342
2051,21,"Day21","C14_Plasmablasts",33,0.00655021834061135
2051,21,"Day21","C15_HPCs",24,0.00476379515680826
2051,21,"Day21","C16_NK T",13,0.00258038904327114
2051,21,"Day21","C17_Naive B",12,0.00238189757840413
2051,21,"Day21","C1_NK",528,0.104803493449782
2051,21,"Day21","C2",1,0.000198491464867011
2051,21,"Day21","C3_CD14+ monocytes",775,0.153830885271933
2051,21,"Day21","C4_CD16+ monocytes",634,0.125843588725685
2051,21,"Day21","C5_B",344,0.0682810639142517
2051,21,"Day21","C6_CD8 T",526,0.104406510520048
2051,21,"Day21","C7_cDC2",526,0.104406510520048
2051,21,"Day21","C8_CD14+BDCA1+PD-L1+ cells",6,0.00119094878920206
2051,21,"Day21","C9_Platelets",115,0.0228265184597062
2051,22,"Day22","C0_CD4 T",683,0.152625698324022
2051,22,"Day22","C10_Naive CD8 T",283,0.0632402234636872
2051,22,"Day22","C11_pDC",86,0.0192178770949721
2051,22,"Day22","C12_Tregs",6,0.00134078212290503
2051,22,"Day22","C13_cDC1",6,0.00134078212290503
2051,22,"Day22","C14_Plasmablasts",10,0.00223463687150838
2051,22,"Day22","C15_HPCs",19,0.00424581005586592
2051,22,"Day22","C16_NK T",20,0.00446927374301676
2051,22,"Day22","C17_Naive B",3,0.000670391061452514
2051,22,"Day22","C1_NK",137,0.0306145251396648
2051,22,"Day22","C3_CD14+ monocytes",43,0.00960893854748603
2051,22,"Day22","C4_CD16+ monocytes",608,0.13586592178771
2051,22,"Day22","C5_B",302,0.0674860335195531
2051,22,"Day22","C6_CD8 T",249,0.0556424581005587
2051,22,"Day22","C7_cDC2",44,0.00983240223463687
2051,22,"Day22","C8_CD14+BDCA1+PD-L1+ cells",1638,0.366033519553073
2051,22,"Day22","C9_Platelets",338,0.0755307262569832
2051,28,"Day28","C0_CD4 T",853,0.167847304210941
2051,28,"Day28","C10_Naive CD8 T",302,0.0594254230617867
2051,28,"Day28","C11_pDC",69,0.0135773317591499
2051,28,"Day28","C12_Tregs",12,0.00236127508854782
2051,28,"Day28","C13_cDC1",15,0.00295159386068477
2051,28,"Day28","C14_Plasmablasts",29,0.00570641479732389
2051,28,"Day28","C15_HPCs",6,0.00118063754427391
2051,28,"Day28","C16_NK T",10,0.00196772924045651
2051,28,"Day28","C17_Naive B",9,0.00177095631641086
2051,28,"Day28","C1_NK",562,0.110586383313656
2051,28,"Day28","C2",2,0.000393545848091303
2051,28,"Day28","C3_CD14+ monocytes",683,0.13439590712318
2051,28,"Day28","C4_CD16+ monocytes",1098,0.216056670602125
2051,28,"Day28","C5_B",407,0.0800865800865801
2051,28,"Day28","C6_CD8 T",484,0.0952380952380952
2051,28,"Day28","C7_cDC2",254,0.0499803227075954
2051,28,"Day28","C8_CD14+BDCA1+PD-L1+ cells",7,0.00137741046831956
2051,28,"Day28","C9_Platelets",280,0.0550964187327824
2051,42,"Day42","C0_CD4 T",325,0.153736991485336
2051,42,"Day42","C10_Naive CD8 T",117,0.0553453169347209
2051,42,"Day42","C11_pDC",19,0.00898770104068117
2051,42,"Day42","C12_Tregs",3,0.00141911069063387
2051,42,"Day42","C13_cDC1",11,0.00520340586565752
2051,42,"Day42","C14_Plasmablasts",14,0.00662251655629139
2051,42,"Day42","C15_HPCs",7,0.0033112582781457
2051,42,"Day42","C16_NK T",12,0.00567644276253548
2051,42,"Day42","C17_Naive B",4,0.00189214758751183
2051,42,"Day42","C1_NK",185,0.087511825922422
2051,42,"Day42","C2",4,0.00189214758751183
2051,42,"Day42","C3_CD14+ monocytes",382,0.180700094607379
2051,42,"Day42","C4_CD16+ monocytes",322,0.152317880794702
2051,42,"Day42","C5_B",131,0.0619678334910123
2051,42,"Day42","C6_CD8 T",156,0.0737937559129612
2051,42,"Day42","C7_cDC2",123,0.0581835383159886
2051,42,"Day42","C8_CD14+BDCA1+PD-L1+ cells",4,0.00189214758751183
2051,42,"Day42","C9_Platelets",295,0.139545884578997
2052,0,"Day0_baseline","C0_CD4 T",986,0.13288409703504
2052,0,"Day0_baseline","C10_Naive CD8 T",120,0.0161725067385445
2052,0,"Day0_baseline","C11_pDC",169,0.0227762803234501
2052,0,"Day0_baseline","C12_Tregs",25,0.00336927223719677
2052,0,"Day0_baseline","C13_cDC1",65,0.00876010781671159
2052,0,"Day0_baseline","C14_Plasmablasts",38,0.00512129380053908
2052,0,"Day0_baseline","C15_HPCs",13,0.00175202156334232
2052,0,"Day0_baseline","C16_NK T",34,0.0045822102425876
2052,0,"Day0_baseline","C17_Naive B",34,0.0045822102425876
2052,0,"Day0_baseline","C1_NK",2202,0.296765498652291
2052,0,"Day0_baseline","C2",10,0.00134770889487871
2052,0,"Day0_baseline","C3_CD14+ monocytes",1038,0.13989218328841
2052,0,"Day0_baseline","C4_CD16+ monocytes",845,0.113881401617251
2052,0,"Day0_baseline","C5_B",303,0.0408355795148248
2052,0,"Day0_baseline","C6_CD8 T",516,0.0695417789757412
2052,0,"Day0_baseline","C7_cDC2",863,0.116307277628032
2052,0,"Day0_baseline","C8_CD14+BDCA1+PD-L1+ cells",6,0.000808625336927224
2052,0,"Day0_baseline","C9_Platelets",153,0.0206199460916442
2052,2,"Early_post_vaccination","C0_CD4 T",702,0.151521692208073
2052,2,"Early_post_vaccination","C10_Naive CD8 T",122,0.0263328296999784
2052,2,"Early_post_vaccination","C11_pDC",87,0.0187783293762141
2052,2,"Early_post_vaccination","C12_Tregs",26,0.00561191452622491
2052,2,"Early_post_vaccination","C13_cDC1",26,0.00561191452622491
2052,2,"Early_post_vaccination","C14_Plasmablasts",25,0.00539607165983164
2052,2,"Early_post_vaccination","C15_HPCs",10,0.00215842866393266
2052,2,"Early_post_vaccination","C16_NK T",24,0.00518022879343838
2052,2,"Early_post_vaccination","C17_Naive B",6,0.00129505719835959
2052,2,"Early_post_vaccination","C1_NK",1351,0.291603712497302
2052,2,"Early_post_vaccination","C2",9,0.00194258579753939
2052,2,"Early_post_vaccination","C3_CD14+ monocytes",704,0.151953377940859
2052,2,"Early_post_vaccination","C4_CD16+ monocytes",418,0.0902223181523851
2052,2,"Early_post_vaccination","C5_B",254,0.0548240880638895
2052,2,"Early_post_vaccination","C6_CD8 T",384,0.082883660695014
2052,2,"Early_post_vaccination","C7_cDC2",235,0.0507230736024174
2052,2,"Early_post_vaccination","C8_CD14+BDCA1+PD-L1+ cells",9,0.00194258579753939
2052,2,"Early_post_vaccination","C9_Platelets",241,0.052018130800777
2052,7,"Day7_post_vaccination","C0_CD4 T",887,0.149729912221472
2052,7,"Day7_post_vaccination","C10_Naive CD8 T",138,0.0232950708980419
2052,7,"Day7_post_vaccination","C11_pDC",111,0.0187373396353815
2052,7,"Day7_post_vaccination","C12_Tregs",32,0.00540175557056043
2052,7,"Day7_post_vaccination","C13_cDC1",74,0.012491559756921
2052,7,"Day7_post_vaccination","C14_Plasmablasts",36,0.00607697501688049
2052,7,"Day7_post_vaccination","C15_HPCs",30,0.0050641458474004
2052,7,"Day7_post_vaccination","C16_NK T",24,0.00405131667792032
2052,7,"Day7_post_vaccination","C17_Naive B",10,0.00168804861580013
2052,7,"Day7_post_vaccination","C1_NK",1796,0.303173531397704
2052,7,"Day7_post_vaccination","C2",6,0.00101282916948008
2052,7,"Day7_post_vaccination","C3_CD14+ monocytes",1005,0.169648885887914
2052,7,"Day7_post_vaccination","C4_CD16+ monocytes",363,0.0612761647535449
2052,7,"Day7_post_vaccination","C5_B",266,0.0449020931802836
2052,7,"Day7_post_vaccination","C6_CD8 T",465,0.0784942606347063
2052,7,"Day7_post_vaccination","C7_cDC2",447,0.075455773126266
2052,7,"Day7_post_vaccination","C8_CD14+BDCA1+PD-L1+ cells",3,0.00050641458474004
2052,7,"Day7_post_vaccination","C9_Platelets",231,0.0389939230249831
2052,21,"Day21","C0_CD4 T",1297,0.229232944503358
2052,21,"Day21","C10_Naive CD8 T",216,0.0381760339342524
2052,21,"Day21","C11_pDC",59,0.0104277129727819
2052,21,"Day21","C12_Tregs",23,0.0040650406504065
2052,21,"Day21","C13_cDC1",39,0.00689289501590668
2052,21,"Day21","C14_Plasmablasts",21,0.00371155885471898
2052,21,"Day21","C15_HPCs",17,0.00300459526334394
2052,21,"Day21","C16_NK T",30,0.00530222693531283
2052,21,"Day21","C17_Naive B",34,0.00600919052668788
2052,21,"Day21","C1_NK",1222,0.215977377165076
2052,21,"Day21","C2",3,0.000530222693531283
2052,21,"Day21","C3_CD14+ monocytes",921,0.162778366914104
2052,21,"Day21","C4_CD16+ monocytes",257,0.0454224107458466
2052,21,"Day21","C5_B",520,0.0919052668787557
2052,21,"Day21","C6_CD8 T",408,0.0721102863202545
2052,21,"Day21","C7_cDC2",297,0.052492046659597
2052,21,"Day21","C8_CD14+BDCA1+PD-L1+ cells",1,0.000176740897843761
2052,21,"Day21","C9_Platelets",293,0.051785083068222
2052,22,"Day22","C0_CD4 T",602,0.120015948963317
2052,22,"Day22","C10_Naive CD8 T",94,0.0187400318979266
2052,22,"Day22","C11_pDC",121,0.0241228070175439
2052,22,"Day22","C12_Tregs",22,0.0043859649122807
2052,22,"Day22","C13_cDC1",18,0.00358851674641148
2052,22,"Day22","C14_Plasmablasts",13,0.00259170653907496
2052,22,"Day22","C15_HPCs",32,0.00637958532695375
2052,22,"Day22","C16_NK T",28,0.00558213716108453
2052,22,"Day22","C17_Naive B",9,0.00179425837320574
2052,22,"Day22","C1_NK",723,0.144138755980861
2052,22,"Day22","C2",7,0.00139553429027113
2052,22,"Day22","C3_CD14+ monocytes",10,0.00199362041467305
2052,22,"Day22","C4_CD16+ monocytes",378,0.0753588516746412
2052,22,"Day22","C5_B",324,0.0645933014354067
2052,22,"Day22","C6_CD8 T",247,0.0492424242424242
2052,22,"Day22","C7_cDC2",8,0.00159489633173844
2052,22,"Day22","C8_CD14+BDCA1+PD-L1+ cells",1880,0.374800637958533
2052,22,"Day22","C9_Platelets",500,0.0996810207336523
2052,28,"Day28","C0_CD4 T",1008,0.149090371246857
2052,28,"Day28","C10_Naive CD8 T",168,0.0248483952078095
2052,28,"Day28","C11_pDC",192,0.0283981659517823
2052,28,"Day28","C12_Tregs",23,0.00340186362964059
2052,28,"Day28","C13_cDC1",96,0.0141990829758911
2052,28,"Day28","C14_Plasmablasts",45,0.00665582014494897
2052,28,"Day28","C15_HPCs",37,0.00547256323029138
2052,28,"Day28","C16_NK T",45,0.00665582014494897
2052,28,"Day28","C17_Naive B",26,0.00384558497263718
2052,28,"Day28","C1_NK",1768,0.261499778139329
2052,28,"Day28","C2",6,0.000887442685993196
2052,28,"Day28","C3_CD14+ monocytes",1187,0.175565744712321
2052,28,"Day28","C4_CD16+ monocytes",667,0.098654045259577
2052,28,"Day28","C5_B",245,0.0362372430113889
2052,28,"Day28","C6_CD8 T",529,0.0782428634817335
2052,28,"Day28","C7_cDC2",425,0.0628605235911847
2052,28,"Day28","C8_CD14+BDCA1+PD-L1+ cells",13,0.00192279248631859
2052,28,"Day28","C9_Platelets",281,0.041561899127348
2052,42,"Day42","C0_CD4 T",1216,0.198530612244898
2052,42,"Day42","C10_Naive CD8 T",226,0.0368979591836735
2052,42,"Day42","C11_pDC",64,0.0104489795918367
2052,42,"Day42","C12_Tregs",31,0.00506122448979592
2052,42,"Day42","C13_cDC1",64,0.0104489795918367
2052,42,"Day42","C14_Plasmablasts",24,0.00391836734693878
2052,42,"Day42","C15_HPCs",12,0.00195918367346939
2052,42,"Day42","C16_NK T",55,0.00897959183673469
2052,42,"Day42","C17_Naive B",12,0.00195918367346939
2052,42,"Day42","C1_NK",1202,0.196244897959184
2052,42,"Day42","C2",8,0.00130612244897959
2052,42,"Day42","C3_CD14+ monocytes",1307,0.213387755102041
2052,42,"Day42","C4_CD16+ monocytes",359,0.0586122448979592
2052,42,"Day42","C5_B",336,0.0548571428571429
2052,42,"Day42","C6_CD8 T",414,0.0675918367346939
2052,42,"Day42","C7_cDC2",377,0.0615510204081633
2052,42,"Day42","C8_CD14+BDCA1+PD-L1+ cells",5,0.000816326530612245
2052,42,"Day42","C9_Platelets",413,0.0674285714285714
2053,0,"Day0_baseline","C0_CD4 T",1285,0.235650100861911
2053,0,"Day0_baseline","C10_Naive CD8 T",243,0.0445626260773886
2053,0,"Day0_baseline","C11_pDC",79,0.0144874381074638
2053,0,"Day0_baseline","C12_Tregs",72,0.013203741059967
2053,0,"Day0_baseline","C13_cDC1",35,0.00641848523748395
2053,0,"Day0_baseline","C14_Plasmablasts",40,0.00733541169998166
2053,0,"Day0_baseline","C15_HPCs",13,0.00238400880249404
2053,0,"Day0_baseline","C16_NK T",23,0.00421786172748946
2053,0,"Day0_baseline","C17_Naive B",49,0.00898587933247754
2053,0,"Day0_baseline","C1_NK",707,0.129653401797176
2053,0,"Day0_baseline","C2",2,0.000366770584999083
2053,0,"Day0_baseline","C3_CD14+ monocytes",651,0.119383825417202
2053,0,"Day0_baseline","C4_CD16+ monocytes",486,0.0891252521547772
2053,0,"Day0_baseline","C5_B",666,0.122134604804695
2053,0,"Day0_baseline","C6_CD8 T",425,0.0779387493123052
2053,0,"Day0_baseline","C7_cDC2",462,0.0847240051347882
2053,0,"Day0_baseline","C8_CD14+BDCA1+PD-L1+ cells",5,0.000916926462497708
2053,0,"Day0_baseline","C9_Platelets",210,0.0385109114249037
2053,2,"Early_post_vaccination","C0_CD4 T",991,0.138795518207283
2053,2,"Early_post_vaccination","C10_Naive CD8 T",177,0.0247899159663866
2053,2,"Early_post_vaccination","C11_pDC",183,0.0256302521008403
2053,2,"Early_post_vaccination","C12_Tregs",132,0.0184873949579832
2053,2,"Early_post_vaccination","C13_cDC1",22,0.0030812324929972
2053,2,"Early_post_vaccination","C14_Plasmablasts",76,0.0106442577030812
2053,2,"Early_post_vaccination","C15_HPCs",31,0.00434173669467787
2053,2,"Early_post_vaccination","C16_NK T",24,0.00336134453781513
2053,2,"Early_post_vaccination","C17_Naive B",33,0.0046218487394958
2053,2,"Early_post_vaccination","C1_NK",1052,0.14733893557423
2053,2,"Early_post_vaccination","C2",18,0.00252100840336134
2053,2,"Early_post_vaccination","C3_CD14+ monocytes",1053,0.147478991596639
2053,2,"Early_post_vaccination","C4_CD16+ monocytes",1299,0.181932773109244
2053,2,"Early_post_vaccination","C5_B",653,0.0914565826330532
2053,2,"Early_post_vaccination","C6_CD8 T",513,0.0718487394957983
2053,2,"Early_post_vaccination","C7_cDC2",629,0.0880952380952381
2053,2,"Early_post_vaccination","C8_CD14+BDCA1+PD-L1+ cells",19,0.00266106442577031
2053,2,"Early_post_vaccination","C9_Platelets",235,0.0329131652661064
2053,7,"Day7_post_vaccination","C0_CD4 T",683,0.129233680227058
2053,7,"Day7_post_vaccination","C10_Naive CD8 T",115,0.021759697256386
2053,7,"Day7_post_vaccination","C11_pDC",56,0.0105960264900662
2053,7,"Day7_post_vaccination","C12_Tregs",87,0.0164616840113529
2053,7,"Day7_post_vaccination","C13_cDC1",22,0.00416272469252602
2053,7,"Day7_post_vaccination","C14_Plasmablasts",53,0.0100283822138127
2053,7,"Day7_post_vaccination","C15_HPCs",13,0.00245979186376537
2053,7,"Day7_post_vaccination","C16_NK T",21,0.00397350993377483
2053,7,"Day7_post_vaccination","C17_Naive B",15,0.00283822138126774
2053,7,"Day7_post_vaccination","C1_NK",1416,0.267928098391675
2053,7,"Day7_post_vaccination","C3_CD14+ monocytes",459,0.0868495742667928
2053,7,"Day7_post_vaccination","C4_CD16+ monocytes",720,0.136234626300851
2053,7,"Day7_post_vaccination","C5_B",432,0.0817407757805109
2053,7,"Day7_post_vaccination","C6_CD8 T",423,0.0800378429517502
2053,7,"Day7_post_vaccination","C7_cDC2",520,0.098391674550615
2053,7,"Day7_post_vaccination","C8_CD14+BDCA1+PD-L1+ cells",3,0.000567644276253548
2053,7,"Day7_post_vaccination","C9_Platelets",247,0.0467360454115421
2053,21,"Day21","C0_CD4 T",737,0.121416803953871
2053,21,"Day21","C10_Naive CD8 T",149,0.0245469522240527
2053,21,"Day21","C11_pDC",115,0.0189456342668863
2053,21,"Day21","C12_Tregs",70,0.0115321252059308
2053,21,"Day21","C13_cDC1",32,0.00527182866556837
2053,21,"Day21","C14_Plasmablasts",62,0.0102141680395387
2053,21,"Day21","C15_HPCs",28,0.00461285008237232
2053,21,"Day21","C16_NK T",15,0.00247116968698517
2053,21,"Day21","C17_Naive B",14,0.00230642504118616
2053,21,"Day21","C1_NK",1698,0.279736408566722
2053,21,"Day21","C2",2,0.000329489291598023
2053,21,"Day21","C3_CD14+ monocytes",681,0.112191103789127
2053,21,"Day21","C4_CD16+ monocytes",727,0.119769357495881
2053,21,"Day21","C5_B",408,0.0672158154859967
2053,21,"Day21","C6_CD8 T",528,0.0869851729818781
2053,21,"Day21","C7_cDC2",679,0.111861614497529
2053,21,"Day21","C8_CD14+BDCA1+PD-L1+ cells",2,0.000329489291598023
2053,21,"Day21","C9_Platelets",123,0.0202635914332784
2053,22,"Day22","C0_CD4 T",744,0.128519606149594
2053,22,"Day22","C10_Naive CD8 T",143,0.0247020210744515
2053,22,"Day22","C11_pDC",143,0.0247020210744515
2053,22,"Day22","C12_Tregs",82,0.0141647953014338
2053,22,"Day22","C13_cDC1",49,0.00846432889963724
2053,22,"Day22","C14_Plasmablasts",60,0.0103644843669027
2053,22,"Day22","C15_HPCs",52,0.00898255311798238
2053,22,"Day22","C16_NK T",22,0.00380031093453101
2053,22,"Day22","C17_Naive B",17,0.00293660390395578
2053,22,"Day22","C1_NK",1137,0.196406978752807
2053,22,"Day22","C2",2,0.000345482812230092
2053,22,"Day22","C3_CD14+ monocytes",648,0.11193643116255
2053,22,"Day22","C4_CD16+ monocytes",775,0.13387458973916
2053,22,"Day22","C5_B",296,0.0511314562100535
2053,22,"Day22","C6_CD8 T",373,0.0644325444809121
2053,22,"Day22","C7_cDC2",983,0.16980480221109
2053,22,"Day22","C8_CD14+BDCA1+PD-L1+ cells",3,0.000518224218345137
2053,22,"Day22","C9_Platelets",260,0.0449127655899119
2053,28,"Day28","C0_CD4 T",758,0.132378623821167
2053,28,"Day28","C10_Naive CD8 T",128,0.022354173943416
2053,28,"Day28","C11_pDC",98,0.0171149144254279
2053,28,"Day28","C12_Tregs",151,0.0263709395738736
2053,28,"Day28","C13_cDC1",5,0.000873209919664687
2053,28,"Day28","C14_Plasmablasts",34,0.00593782745371987
2053,28,"Day28","C15_HPCs",40,0.0069856793573175
2053,28,"Day28","C16_NK T",16,0.002794271742927
2053,28,"Day28","C17_Naive B",16,0.002794271742927
2053,28,"Day28","C1_NK",98,0.0171149144254279
2053,28,"Day28","C2",1,0.000174641983932937
2053,28,"Day28","C4_CD16+ monocytes",422,0.0736989172196996
2053,28,"Day28","C5_B",812,0.141809290953545
2053,28,"Day28","C6_CD8 T",162,0.0282920013971359
2053,28,"Day28","C7_cDC2",2,0.000349283967865875
2053,28,"Day28","C8_CD14+BDCA1+PD-L1+ cells",2737,0.47799511002445
2053,28,"Day28","C9_Platelets",246,0.0429619280475026
2053,42,"Day42","C0_CD4 T",898,0.187513050741282
2053,42,"Day42","C10_Naive CD8 T",171,0.0357068281478388
2053,42,"Day42","C11_pDC",75,0.0156608895385258
2053,42,"Day42","C12_Tregs",26,0.00542910837335561
2053,42,"Day42","C13_cDC1",33,0.00689079139695135
2053,42,"Day42","C14_Plasmablasts",23,0.00480267279181457
2053,42,"Day42","C15_HPCs",21,0.00438504907078722
2053,42,"Day42","C16_NK T",11,0.00229693046565045
2053,42,"Day42","C17_Naive B",17,0.00354980162873251
2053,42,"Day42","C1_NK",924,0.192942159114638
2053,42,"Day42","C3_CD14+ monocytes",729,0.152223846314471
2053,42,"Day42","C4_CD16+ monocytes",472,0.0985591981624556
2053,42,"Day42","C5_B",307,0.0641052411776989
2053,42,"Day42","C6_CD8 T",311,0.0649404886197536
2053,42,"Day42","C7_cDC2",586,0.122363750261015
2053,42,"Day42","C8_CD14+BDCA1+PD-L1+ cells",8,0.00167049488410942
2053,42,"Day42","C9_Platelets",177,0.0369596993109209
2055,0,"Day0_baseline","C0_CD4 T",1510,0.394874476987448
2055,0,"Day0_baseline","C10_Naive CD8 T",435,0.113755230125523
2055,0,"Day0_baseline","C11_pDC",39,0.0101987447698745
2055,0,"Day0_baseline","C12_Tregs",20,0.00523012552301255
2055,0,"Day0_baseline","C13_cDC1",16,0.00418410041841004
2055,0,"Day0_baseline","C14_Plasmablasts",4,0.00104602510460251
2055,0,"Day0_baseline","C15_HPCs",13,0.00339958158995816
2055,0,"Day0_baseline","C16_NK T",7,0.00183054393305439
2055,0,"Day0_baseline","C17_Naive B",39,0.0101987447698745
2055,0,"Day0_baseline","C1_NK",264,0.0690376569037657
2055,0,"Day0_baseline","C2",19,0.00496861924686192
2055,0,"Day0_baseline","C3_CD14+ monocytes",333,0.087081589958159
2055,0,"Day0_baseline","C4_CD16+ monocytes",101,0.0264121338912134
2055,0,"Day0_baseline","C5_B",525,0.13729079497908
2055,0,"Day0_baseline","C6_CD8 T",209,0.0546548117154812
2055,0,"Day0_baseline","C7_cDC2",126,0.0329497907949791
2055,0,"Day0_baseline","C8_CD14+BDCA1+PD-L1+ cells",4,0.00104602510460251
2055,0,"Day0_baseline","C9_Platelets",160,0.0418410041841004
2055,2,"Early_post_vaccination","C0_CD4 T",16,0.307692307692308
2055,2,"Early_post_vaccination","C10_Naive CD8 T",4,0.0769230769230769
2055,2,"Early_post_vaccination","C15_HPCs",2,0.0384615384615385
2055,2,"Early_post_vaccination","C1_NK",4,0.0769230769230769
2055,2,"Early_post_vaccination","C3_CD14+ monocytes",4,0.0769230769230769
2055,2,"Early_post_vaccination","C4_CD16+ monocytes",1,0.0192307692307692
2055,2,"Early_post_vaccination","C5_B",12,0.230769230769231
2055,2,"Early_post_vaccination","C7_cDC2",4,0.0769230769230769
2055,2,"Early_post_vaccination","C8_CD14+BDCA1+PD-L1+ cells",1,0.0192307692307692
2055,2,"Early_post_vaccination","C9_Platelets",4,0.0769230769230769
2055,7,"Day7_post_vaccination","C11_pDC",10,0.00046356387910254
2055,7,"Day7_post_vaccination","C2",21558,0.999351010569256
2055,7,"Day7_post_vaccination","C3_CD14+ monocytes",1,4.6356387910254e-05
2055,7,"Day7_post_vaccination","C6_CD8 T",2,9.27127758205081e-05
2055,7,"Day7_post_vaccination","C7_cDC2",1,4.6356387910254e-05
2055,21,"Day21","C0_CD4 T",5,0.000424664515033124
2055,21,"Day21","C10_Naive CD8 T",2,0.00016986580601325
2055,21,"Day21","C11_pDC",6,0.000509597418039749
2055,21,"Day21","C14_Plasmablasts",2,0.00016986580601325
2055,21,"Day21","C1_NK",2,0.00016986580601325
2055,21,"Day21","C2",11744,0.997452012909801
2055,21,"Day21","C3_CD14+ monocytes",5,0.000424664515033124
2055,21,"Day21","C5_B",2,0.00016986580601325
2055,21,"Day21","C6_CD8 T",1,8.49329030066248e-05
2055,21,"Day21","C9_Platelets",5,0.000424664515033124
2055,22,"Day22","C0_CD4 T",624,0.199871877001922
2055,22,"Day22","C10_Naive CD8 T",209,0.066944266495836
2055,22,"Day22","C11_pDC",68,0.0217809096732864
2055,22,"Day22","C12_Tregs",33,0.0105701473414478
2055,22,"Day22","C13_cDC1",7,0.00224215246636771
2055,22,"Day22","C14_Plasmablasts",4,0.00128122998078155
2055,22,"Day22","C15_HPCs",50,0.0160153747597694
2055,22,"Day22","C16_NK T",4,0.00128122998078155
2055,22,"Day22","C17_Naive B",20,0.00640614990390775
2055,22,"Day22","C1_NK",106,0.0339525944907111
2055,22,"Day22","C4_CD16+ monocytes",53,0.0169762972453555
2055,22,"Day22","C5_B",579,0.185458039718129
2055,22,"Day22","C6_CD8 T",99,0.0317104420243434
2055,22,"Day22","C7_cDC2",2,0.000640614990390775
2055,22,"Day22","C8_CD14+BDCA1+PD-L1+ cells",968,0.310057655349135
2055,22,"Day22","C9_Platelets",296,0.0948110185778347
2055,28,"Day28","C0_CD4 T",1578,0.353494623655914
2055,28,"Day28","C10_Naive CD8 T",421,0.0943100358422939
2055,28,"Day28","C11_pDC",110,0.0246415770609319
2055,28,"Day28","C12_Tregs",31,0.00694444444444444
2055,28,"Day28","C13_cDC1",9,0.00201612903225806
2055,28,"Day28","C14_Plasmablasts",4,0.000896057347670251
2055,28,"Day28","C15_HPCs",51,0.0114247311827957
2055,28,"Day28","C16_NK T",22,0.00492831541218638
2055,28,"Day28","C17_Naive B",38,0.00851254480286738
2055,28,"Day28","C1_NK",113,0.0253136200716846
2055,28,"Day28","C2",1,0.000224014336917563
2055,28,"Day28","C3_CD14+ monocytes",1,0.000224014336917563
2055,28,"Day28","C4_CD16+ monocytes",57,0.0127688172043011
2055,28,"Day28","C5_B",754,0.168906810035842
2055,28,"Day28","C6_CD8 T",153,0.0342741935483871
2055,28,"Day28","C7_cDC2",1,0.000224014336917563
2055,28,"Day28","C8_CD14+BDCA1+PD-L1+ cells",834,0.186827956989247
2055,28,"Day28","C9_Platelets",286,0.0640681003584229
2055,42,"Day42","C0_CD4 T",992,0.225762403277196
2055,42,"Day42","C10_Naive CD8 T",370,0.0842057350933091
2055,42,"Day42","C11_pDC",69,0.015703231679563
2055,42,"Day42","C12_Tregs",25,0.00568957669549386
2055,42,"Day42","C13_cDC1",17,0.00386891215293582
2055,42,"Day42","C14_Plasmablasts",12,0.00273099681383705
2055,42,"Day42","C15_HPCs",35,0.0079654073736914
2055,42,"Day42","C16_NK T",18,0.00409649522075558
2055,42,"Day42","C17_Naive B",40,0.00910332271279017
2055,42,"Day42","C1_NK",512,0.116522530723714
2055,42,"Day42","C2",3,0.000682749203459263
2055,42,"Day42","C3_CD14+ monocytes",438,0.0996813837050523
2055,42,"Day42","C4_CD16+ monocytes",253,0.0575785161583978
2055,42,"Day42","C5_B",659,0.149977241693218
2055,42,"Day42","C6_CD8 T",341,0.0776058261265362
2055,42,"Day42","C7_cDC2",414,0.0942193900773782
2055,42,"Day42","C8_CD14+BDCA1+PD-L1+ cells",5,0.00113791533909877
2055,42,"Day42","C9_Platelets",191,0.0434683659535731
