"lnp_id","original_score","original_rank","median_rank","min_rank","max_rank","top1_frequency","top10_frequency","top20_frequency","median_score","min_score","max_score"
"LNP_0462",0.833991523242452,1,2,1,14,0.399896800825593,0.998452012383901,1,0.828675952788798,0.686871331098827,0.907528156093678
"LNP_0428",0.832007065094428,2,3,1,38,0.206140350877193,0.931888544891641,0.99406604747162,0.822199153856831,0.68199574958178,0.916403799640723
"LNP_0449",0.822608856044919,3,5,2,33,0,0.875386996904025,0.980134158926729,0.816021019730863,0.682162467262141,0.896374777766923
"LNP_0007",0.819276448739016,4,6,1,39,0.0178018575851393,0.851909184726522,0.97781217750258,0.814153096382161,0.658431111208227,0.915803103909226
"LNP_0419",0.817815931877039,5,7,1,62,0.00309597523219814,0.630288957688338,0.873323013415893,0.804869699923729,0.668998430871238,0.905364975213424
"LNP_0109",0.814701475497078,6,7,1,114,0.178792569659443,0.599071207430341,0.763415892672859,0.799149151448057,0.720921804375513,0.885840892674046
"LNP_0364",0.814561321482523,7,6,2,27,0,0.969040247678019,0.998452012383901,0.814643192958033,0.661599337934468,0.915086794813228
"LNP_0374",0.812139564838826,8,8,1,76,0.010577915376677,0.624355005159959,0.895768833849329,0.807724388714205,0.623670969028748,0.912985209143013
"LNP_0017",0.803656257283718,9,8,2,22,0,0.808823529411765,0.998452012383901,0.806173916210137,0.684478277046197,0.894811724846123
"LNP_0442",0.800625895492876,10,9,1,28,0.105521155830753,0.594169246646027,0.979618163054696,0.804505872906354,0.66054844640202,0.935835064147027
"LNP_0467",0.799835849573105,11,13,7,93,0,0.273219814241486,0.876418988648091,0.794473832429239,0.655949310699369,0.888183640885932
"LNP_0180",0.799514234702886,12,11,6,19,0,0.483488132094943,1,0.800924438575848,0.674497104192946,0.885963978388006
"LNP_0079",0.797945107235541,13,14,8,95,0,0.165118679050568,0.813467492260062,0.79239047097239,0.651794542702024,0.871574696275037
"LNP_0466",0.790927867201161,14,21,7,156,0,0.0709494324045408,0.494324045407637,0.781561037722415,0.62359319805381,0.878864319298513
"LNP_0221",0.789858155988326,15,16.5,11,35,0,0,0.874355005159959,0.790593548878061,0.657783494811606,0.8513061542862
"LNP_0199",0.788928181652388,16,13,1,41,0.0781733746130031,0.405056759545924,0.720588235294118,0.79407930868227,0.722123528658107,0.861027676618231
"LNP_0010",0.785430548896069,17,19,6,98,0,0.186274509803922,0.563467492260062,0.777990713266671,0.683601371852646,0.840956647897837
"LNP_0140",0.784404678080085,18,21,11,74,0,0,0.457946336429309,0.782281425221514,0.623867471613206,0.854476607352353
"LNP_0141",0.783170496031408,19,27,8,213,0,0.0392156862745098,0.29437564499484,0.770539045403692,0.611170934575458,0.880117102494029
"LNP_0186",0.782366807979772,20,21,13,94,0,0,0.465428276573787,0.780702898395723,0.631114075623436,0.880014403877587
"LNP_0025",0.780670614476418,21,16,5,37,0,0.200722394220846,0.685758513931889,0.785418676401041,0.664182637915692,0.912425410059024
"LNP_0370",0.779960424480275,22,23,9,123,0,0.00490196078431373,0.359133126934985,0.777288227340054,0.607252798208174,0.889214762666702
"LNP_0210",0.77730742558996,23,20,7,38,0,0.03328173374613,0.538699690402477,0.782856291365392,0.67029673381168,0.862825957292527
"LNP_0427",0.776005073811655,24,24,13,105,0,0,0.352167182662539,0.767250785664684,0.659861685585557,0.839852974038708
"LNP_0255",0.774907509413103,25,26,16,136,0,0,0.124613003095975,0.772116880884029,0.630731821597605,0.875417098167326
"LNP_0245",0.765753090380572,26,30,15,134,0,0,0.147316821465428,0.753972899892793,0.663362501435666,0.830643611851487
"LNP_0476",0.76546025502147,27,40,11,286,0,0,0.096749226006192,0.745432298289801,0.611268203640659,0.866868899920553
"LNP_0091",0.760537627557922,28,29,11,74,0,0,0.146284829721362,0.763763011546583,0.642723834514065,0.895020940572838
"LNP_0346",0.759800871619537,29,35,12,182,0,0,0.174148606811146,0.74382057000355,0.642860306370632,0.834251013586294
"LNP_0307",0.758182112072055,30,25,2,54,0,0.106553147574819,0.364293085655315,0.764921850174489,0.652293593322692,0.92876410533221
"LNP_0479",0.755562619628904,31,38,24,111,0,0,0,0.748828604477451,0.637558616389267,0.814433783636432
"LNP_0196",0.755424622550043,32,38,22,215,0,0,0,0.750340271035857,0.585816836261615,0.83842724226633
"LNP_0133",0.755172109119279,33,30,17,52,0,0,0.0526315789473684,0.761126919745531,0.639934452350524,0.880874938637313
"LNP_0124",0.754392054356999,34,36,22,78,0,0,0,0.756494449481838,0.638608735888266,0.795248584358333
"LNP_0414",0.749853609740418,35,42,21,258,0,0,0,0.744802728375331,0.559350262211256,0.842109945318234
"LNP_0361",0.749767303255298,36,32,20,50,0,0,0.000515995872033024,0.757869728221129,0.647265906716165,0.841095456997332
"LNP_0066",0.748287014221568,37,52,10,304,0,0.000257997936016512,0.0268317853457172,0.72691287435311,0.586103192628719,0.848746001130076
"LNP_0387",0.747699037872364,38,34,17,53,0,0,0.0118679050567595,0.756878313874151,0.642754476003731,0.840104704858232
"LNP_0208",0.745707886348224,39,41,30,127,0,0,0,0.748642190851516,0.605485164962823,0.793576368307754
"LNP_0480",0.744826213953719,40,32,4,65,0,0.0379256965944272,0.198400412796698,0.754264312307439,0.684146970936985,0.833210906172461
"LNP_0080",0.744065648454425,41,29,2,75,0,0.0719814241486068,0.278379772961816,0.7548906584071,0.651360732092648,0.923829079463642
"LNP_0437",0.742763784366182,42,38,8,61,0,0.00386996904024768,0.115325077399381,0.748927053744683,0.633197631328391,0.906252148345227
"LNP_0423",0.741331353828793,43,45,27,117,0,0,0,0.743835879784123,0.606562508328248,0.787023356094971
"LNP_0343",0.740155856408216,44,48,32,264,0,0,0,0.733099907811382,0.599962449621313,0.809441819632237
"LNP_0497",0.738857088087325,45,56,24,307,0,0,0,0.721317549959468,0.583030374677164,0.834103806183921
"LNP_0192",0.737751455472889,46,57,21,303,0,0,0,0.721057273717953,0.561927423759473,0.84025350182997
"LNP_0494",0.731650744208098,47,41,18,76,0,0,0.0162538699690402,0.741290927152558,0.666280433957965,0.813719497405306
"LNP_0406",0.729450282236532,48,41.5,17,87,0,0,0.00619195046439629,0.736211485156608,0.659056280632866,0.851578889518272
"LNP_0160",0.724404451452643,49,54,40,137,0,0,0,0.728464872572038,0.601640151070094,0.761263516208901
"LNP_0335",0.723246909171245,50,68,31,311,0,0,0,0.70645103631473,0.584190054203828,0.806783152288236
"LNP_0127",0.722928474587943,51,53,3,164,0,0.020639834881321,0.0748194014447884,0.722293284669832,0.663291575008577,0.775288913211673
"LNP_0056",0.72231257029354,52,56,34,266,0,0,0,0.721633150827171,0.578905115349213,0.822970149308348
"LNP_0339",0.722239001241347,53,53,9,148,0,0.00232198142414861,0.0356037151702786,0.72256671659164,0.676342206862934,0.774659111854733
"LNP_0228",0.722187758096881,54,61,35,301,0,0,0,0.715649162544821,0.560174947042479,0.793267765950266
"LNP_0415",0.71990010781696,55,59,40,141,0,0,0,0.716912833205888,0.605148207782208,0.768250681101123
"LNP_0153",0.719434557165393,56,47,16,89,0,0,0.00361197110423117,0.728264026065615,0.658373314731841,0.822919738741916
"LNP_0333",0.716147028576032,57,46,15,93,0,0,0.0319917440660475,0.729333785698421,0.635748805319354,0.888921466553214
"LNP_0159",0.712858314417015,58,56,37,102,0,0,0,0.719924453940721,0.612883269063472,0.842157585871418
"LNP_0102",0.71172721278302,59,86,31,327,0,0,0,0.687414246192538,0.544730039605611,0.822957020637199
"LNP_0212",0.71130064608641,60,52,22,101,0,0,0,0.720146725526737,0.662095122242082,0.836462033610919
"LNP_0246",0.707405387699767,61,52,8,105,0,0.00386996904024768,0.0583075335397317,0.721874429809815,0.631458940130535,0.906341877045895
"LNP_0284",0.706381138018802,62,80,43,319,0,0,0,0.69368757423562,0.560803248136656,0.785858654892873
"LNP_0398",0.705006509248042,63,59,36,87,0,0,0,0.716992762932111,0.62783872468439,0.77972257094872
"LNP_0493",0.704914652798009,64,69,53,201,0,0,0,0.705038176883452,0.622469224014831,0.76652789134999
"LNP_0071",0.704721346287797,65,53,12,107,0,0,0.0188338493292054,0.716998168165461,0.656399642436098,0.869697338849103
"LNP_0268",0.703555701234872,66,66,34,107,0,0,0,0.70933195319816,0.629396884053123,0.750987667984822
"LNP_0040",0.703096731158269,67,68,46,177,0,0,0,0.699142906953439,0.630760087551628,0.736260836366964
"LNP_0378",0.698268934211486,68,93,45,322,0,0,0,0.679228049504908,0.580106043654632,0.780635479614084
"LNP_0418",0.69535871189524,69,65.5,46,102,0,0,0,0.703410387973069,0.622712348287147,0.815784146964043
"LNP_0244",0.695293131415269,70,76,49,296,0,0,0,0.697084105298838,0.550981888004205,0.80028846918909
"LNP_0345",0.694114189296568,71,73,59,169,0,0,0,0.698898141088143,0.605556399212594,0.790348566172676
"LNP_0022",0.693615877399289,72,73,56,115,0,0,0,0.703553929535647,0.608481961457295,0.759186279058808
"LNP_0489",0.693038588563157,73,80,44,240,0,0,0,0.682303658724224,0.540560291061981,0.74686420274441
"LNP_0039",0.690035113177271,74,71,50,110,0,0,0,0.697903463767703,0.622319513219021,0.812249058496133
"LNP_0312",0.689704534974367,75,107,38,333,0,0,0,0.667104166603589,0.525042339844179,0.795762793291995
"LNP_0187",0.688746097659018,76,68,42,120,0,0,0,0.698706456638467,0.638420658266048,0.81947205189225
"LNP_0213",0.687527077420016,77,94.5,49,317,0,0,0,0.680505129348522,0.55693951557028,0.761249173184657
"LNP_0481",0.685233041459009,78,72,49,117,0,0,0,0.695981345783157,0.630956098818758,0.803413309153349
"LNP_0055",0.684510321616434,79,68,31,133,0,0,0,0.697543840130845,0.642451175225539,0.818036439798637
"LNP_0278",0.682769552196065,80,83,59,116,0,0,0,0.68923819768905,0.621308868139982,0.737028232612563
"LNP_0349",0.682286963420901,81,88,51,218,0,0,0,0.676367382749496,0.585814873774164,0.73234574898456
"LNP_0154",0.680594141549672,82,85,61,191,0,0,0,0.684485311266414,0.627572306034813,0.767152326210998
"LNP_0144",0.677928987076693,83,83,11,135,0,0,0.00851393188854489,0.687797233338143,0.643572416729026,0.763968478286426
"LNP_0305",0.676467597783941,84,92,60,192,0,0,0,0.674393962621329,0.604960316044531,0.723354069328459
"LNP_0077",0.674426725974444,85,90,63,141,0,0,0,0.683954783169713,0.599190481832405,0.744319717381728
"LNP_0030",0.673921219734529,86,94,68,168,0,0,0,0.67906423558426,0.589573447722598,0.717188422956121
"LNP_0338",0.673390882008056,87,108,60,324,0,0,0,0.666381171901157,0.531024843029486,0.741410969154562
"LNP_0286",0.671687169538604,88,92,66,222,0,0,0,0.680725687371551,0.56908681706598,0.792160783032977
"LNP_0130",0.671340384537929,89,92,57,152,0,0,0,0.67763627267422,0.610381793109819,0.73483916384541
"LNP_0351",0.669900200557036,90,91,63,136,0,0,0,0.679563236165263,0.618901596048654,0.732276937846128
"LNP_0319",0.668095382419908,91,105,79,285,0,0,0,0.668875422464338,0.582056947598109,0.731655225896564
"LNP_0451",0.667611208850889,92,100,82,228,0,0,0,0.673144141480556,0.582933701671829,0.764664994771265
"LNP_0265",0.666495554922465,93,101,83,246,0,0,0,0.670707319715349,0.59269747263211,0.763820170401691
"LNP_0182",0.66643759915721,94,130,51,343,0,0,0,0.644663363652064,0.51756547314388,0.759190274258543
"LNP_0215",0.666360213034723,95,81,8,210,0,0.00103199174406605,0.0131578947368421,0.686971484752489,0.577181999047515,0.90636334694938
"LNP_0069",0.665020705609022,96,88,31,167,0,0,0,0.679742668944499,0.605767271827081,0.858194944076512
"LNP_0076",0.664939716476503,97,130,52,344,0,0,0,0.644715263466467,0.517302895581258,0.757305005100171
"LNP_0444",0.664484066894133,98,90,23,146,0,0,0,0.680763558022109,0.617506376015249,0.74815678762025
"LNP_0002",0.663605734514021,99,83,15,167,0,0,0.00490196078431373,0.687375225330039,0.585360586257594,0.76192585846518
"LNP_0388",0.661477672762523,100,105,15,209,0,0,0.00206398348813209,0.662691919463867,0.600669040480061,0.756666043954059
"LNP_0369",0.661042382082658,101,101,48,250,0,0,0,0.671528698495341,0.558360527577788,0.823397322015344
"LNP_0207",0.6606431348848,102,103,72,209,0,0,0,0.668300714546666,0.588072417232297,0.78816960924309
"LNP_0058",0.660531279868579,103,93,24,227,0,0,0,0.676656709536033,0.566878195018691,0.879677125839856
"LNP_0225",0.66010094311206,104,103,69,288,0,0,0,0.665918466791573,0.587132396146887,0.791970884726434
"LNP_0390",0.65938785464307,105,105,51,227,0,0,0,0.659265519531902,0.574148100785604,0.737737327572324
"LNP_0014",0.657559016160936,106,102,42,147,0,0,0,0.66924603140305,0.629135322834003,0.74687933506894
"LNP_0205",0.655259351633048,107,114,80,179,0,0,0,0.655815714307903,0.598796175706571,0.721256845812111
"LNP_0372",0.654702286190383,108,113,61,259,0,0,0,0.651164620188176,0.509264418863973,0.728983145769396
"LNP_0267",0.654072680751654,109,118,59,285,0,0,0,0.648027817778936,0.472437512512515,0.725738049314115
"LNP_0172",0.651272287768132,110,103,53,159,0,0,0,0.666592350784793,0.597542027327449,0.821995610408898
"LNP_0498",0.65052044880077,111,102,72,182,0,0,0,0.668332837600872,0.584835427047087,0.786475444549355
"LNP_0279",0.647560839516157,112,116,92,294,0,0,0,0.653555693492197,0.590288326609079,0.754809214153757
"LNP_0001",0.646967074002858,113,118,70,171,0,0,0,0.65053867648847,0.620954948156008,0.730936810059208
"LNP_0253",0.644562040020863,114,121,37,273,0,0,0,0.646582733705643,0.490432130548955,0.74391309818185
"LNP_0463",0.644474992149408,115,131,98,299,0,0,0,0.64579660520749,0.566899173764201,0.677280059364114
"LNP_0270",0.643407697412108,116,139,89,316,0,0,0,0.635822226074594,0.578475397655269,0.687111529179422
"LNP_0308",0.643068015014676,117,98,13,196,0,0,0.0043859649122807,0.670165174611262,0.549111640830854,0.89451224214584
"LNP_0123",0.642204308443041,118,168,55,359,0,0,0,0.611090324398861,0.500728673363498,0.747380398196934
"LNP_0455",0.642027856488056,119,124,99,162,0,0,0,0.649356676104266,0.590927095144105,0.704073749188869
"LNP_0365",0.641202278013694,120,128,107,289,0,0,0,0.644071327872793,0.598944060418207,0.690287788795975
"LNP_0459",0.639643927746046,121,114,64,181,0,0,0,0.655011178177681,0.599960308783128,0.732052550479101
"LNP_0404",0.638676634954331,122,125,99,269,0,0,0,0.64569155157886,0.601017258663691,0.74570653176736
"LNP_0053",0.638178171379394,123,119,49,251,0,0,0,0.652598860849235,0.570468736553964,0.825559444129621
"LNP_0396",0.637997154400347,124,165,67,350,0,0,0,0.613538420112338,0.514887761559162,0.725931512118224
"LNP_0050",0.637816268111909,125,96,4,222,0,0.00464396284829721,0.0185758513931889,0.674613017140491,0.515517681073613,0.776533194341051
"LNP_0174",0.636141275970262,126,124,89,175,0,0,0,0.645775965954518,0.601553778188122,0.718883260220558
"LNP_0358",0.635869572802634,127,138,73,307,0,0,0,0.631027557828773,0.434054388014867,0.723496307936278
"LNP_0490",0.635349655944968,128,98,35,215,0,0,0,0.668189267271774,0.526265336694898,0.82536109014512
"LNP_0176",0.634515227109096,129,131,106,267,0,0,0,0.641609196400443,0.590648706217848,0.73141200937584
"LNP_0336",0.633621579215746,130,135,98,295,0,0,0,0.639555120325545,0.544250302940589,0.74058873861716
"LNP_0226",0.633496695713568,131,170.5,67,360,0,0,0,0.609595938742268,0.497450539071385,0.731734955126547
"LNP_0257",0.632785608930897,132,117,46,189,0,0,0,0.653559485951651,0.572907258143934,0.832900317408437
"LNP_0251",0.630326856761003,133,136,43,230,0,0,0,0.632538604254394,0.568748967188397,0.727735660406739
"LNP_0200",0.62766163764308,134,134,97,175,0,0,0,0.637804439092655,0.598345559698436,0.71881953915012
"LNP_0177",0.627641513641966,135,190,59,372,0,0,0,0.592230781316539,0.477312416396179,0.738163530890562
"LNP_0371",0.626314850752525,136,147,81,300,0,0,0,0.623771147916775,0.452600112617485,0.710464178702068
"LNP_0110",0.624386230757454,137,130,65,188,0,0,0,0.641692006386722,0.569616052642411,0.731705516138718
"LNP_0329",0.624313589697274,138,144,100,193,0,0,0,0.628772303931478,0.582786279985089,0.713701098974675
"LNP_0095",0.623714046773597,139,143,42,335,0,0,0,0.626021654976252,0.394655337092037,0.739597281900067
"LNP_0355",0.623571205227338,140,134,48,254,0,0,0,0.6417819368757,0.556560208737259,0.826056706275564
"LNP_0211",0.621151659228551,141,157,114,310,0,0,0,0.623153151603655,0.548831627847489,0.674307261865213
"LNP_0235",0.619035259413059,142,160,99,267,0,0,0,0.615810398419785,0.499676090154228,0.698251872804964
"LNP_0216",0.618366935922591,143,131,46,210,0,0,0,0.640840946899053,0.549425180241135,0.741214203606685
"LNP_0239",0.617621613726451,144,145,59,195,0,0,0,0.626185221202539,0.579682096923652,0.7295929859423
"LNP_0322",0.617465330717515,145,152,112,215,0,0,0,0.618469811326146,0.589989706605648,0.708907770502069
"LNP_0323",0.616747444761386,146,151,125,292,0,0,0,0.624367794385928,0.584993033393869,0.705125314627569
"LNP_0499",0.61639104182442,147,167,95,341,0,0,0,0.612158842927311,0.524178204733142,0.677678073813739
"LNP_0090",0.616227007807363,148,150,112,295,0,0,0,0.625569405802467,0.559631568971687,0.73350451352949
"LNP_0289",0.613895542523075,149,145,101,189,0,0,0,0.629306303416407,0.555992735755652,0.714393319911359
"LNP_0337",0.612546885578313,150,174,98,339,0,0,0,0.608439707060888,0.513731008987667,0.674128076169005
"LNP_0063",0.612095521022268,151,205,68,382,0,0,0,0.582667919349334,0.447355033005127,0.726380649158017
"LNP_0383",0.611476205422127,152,180,106,330,0,0,0,0.603918352851054,0.534773708730417,0.656840476645483
"LNP_0033",0.611017280678568,153,126.5,55,233,0,0,0,0.640775757423165,0.52130326282449,0.779536188003372
"LNP_0003",0.610306265167463,154,159,102,225,0,0,0,0.612033794451638,0.577277830802882,0.717879313454135
"LNP_0146",0.609292844868424,155,165,133,320,0,0,0,0.613242843357312,0.547531840687444,0.67574725390592
"LNP_0044",0.608530001851587,156,167,116,240,0,0,0,0.608019704350018,0.546597843992788,0.705566047206155
"LNP_0247",0.607572089506929,157,215,69,385,0,0,0,0.572675935864506,0.450555276845982,0.729955277596083
"LNP_0473",0.607172238464364,158,216,72,384,0,0,0,0.571455860250829,0.453404769873641,0.721561182854179
"LNP_0169",0.606621950645013,159,172,134,325,0,0,0,0.608489312416382,0.54031988590866,0.656645215643028
"LNP_0460",0.604734981274196,160,137,72,224,0,0,0,0.633286610645303,0.514829826510431,0.744870618006653
"LNP_0325",0.60433690073558,161,188,108,347,0,0,0,0.595082367579884,0.518474880494503,0.666509425226991
"LNP_0317",0.603830713461924,162,138,10,247,0,0.00128998968008256,0.0064499484004128,0.638425096187225,0.477089135105423,0.764917605729889
"LNP_0474",0.601547374227532,163,159,109,204,0,0,0,0.617337481120331,0.538598108208266,0.712442937610867
"LNP_0276",0.601512316602309,164,164,126,211,0,0,0,0.611518269015038,0.552650069376347,0.705367412735846
"LNP_0231",0.60144396791309,165,159,113,287,0,0,0,0.620291085736383,0.541982711594829,0.733160276979186
"LNP_0236",0.601078426344385,166,175,145,288,0,0,0,0.606435185287791,0.541488353315093,0.675661491656149
"LNP_0012",0.600937359598234,167,169,71,337,0,0,0,0.603814411586221,0.393447356514162,0.719748306524454
"LNP_0026",0.599436784539281,168,179,120,341,0,0,0,0.602346846471984,0.500145640729749,0.680881342459586
"LNP_0073",0.599131299032672,169,158,88,241,0,0,0,0.619950783554719,0.532789750263894,0.723455594608618
"LNP_0194",0.598092375048905,170,175,109,297,0,0,0,0.599654963223069,0.458658673738914,0.705722982838805
"LNP_0149",0.597191417751887,171,173,126,222,0,0,0,0.601703408679847,0.567947681704737,0.709893304878191
"LNP_0287",0.596863154834549,172,168,68,244,0,0,0,0.607474033765518,0.537286168394456,0.731258554859515
"LNP_0273",0.596066433527447,173,180,132,331,0,0,0,0.599921499446743,0.522285520298645,0.677514985041964
"LNP_0299",0.595814157217065,174,160,90,222,0,0,0,0.616832108773006,0.525656387726168,0.724230861682993
"LNP_0052",0.59555475233631,175,178,78,292,0,0,0,0.597319379459832,0.464070465275009,0.719086780484502
"LNP_0367",0.594972502092826,176,174,86,281,0,0,0,0.599244128675123,0.476254371901135,0.726191905499915
"LNP_0266",0.593976255688985,177,184,117,293,0,0,0,0.594071554520151,0.463235234063405,0.698267329476021
"LNP_0402",0.592604061571177,178,171.5,87,271,0,0,0,0.612179514742963,0.533254119236361,0.767683447574128
"LNP_0256",0.590900451580262,179,135,37,278,0,0,0,0.63591234397064,0.448122761298089,0.825219549776741
"LNP_0448",0.589355411766376,180,173,97,230,0,0,0,0.606383179187653,0.52960176042471,0.721988947019118
"LNP_0214",0.589322048981661,181,206,107,369,0,0,0,0.581593947034594,0.462140234984392,0.666410259052084
"LNP_0292",0.588934555405256,182,162,80,256,0,0,0,0.618071489573383,0.498552817999863,0.780579816061821
"LNP_0487",0.586764332044398,183,183,94,298,0,0,0,0.594262627847,0.453560974978856,0.720211363258551
"LNP_0097",0.585635628327912,184,147.5,56,268,0,0,0,0.62630485794708,0.454985105398362,0.809817629398543
"LNP_0313",0.584640848015747,185,170,120,228,0,0,0,0.607770745499404,0.507101071981898,0.711799615885744
"LNP_0023",0.584326450820185,186,184,128,217,0,0,0,0.596226158521259,0.529869922074338,0.707701350319665
"LNP_0170",0.584168040601334,187,187,20,317,0,0,0.000257997936016512,0.589819575527671,0.42427708973863,0.748977808308458
"LNP_0405",0.582557538670012,188,206,144,344,0,0,0,0.582207690046355,0.497643910186616,0.619023699149175
"LNP_0310",0.579675804148297,189,205,159,333,0,0,0,0.582033780296201,0.513600571034862,0.615986598271122
"LNP_0019",0.578491639319696,190,194,107,368,0,0,0,0.582428567033651,0.358374378018704,0.712995515881932
"LNP_0175",0.577671815608368,191,182,116,266,0,0,0,0.60246431285597,0.504898167502493,0.726708755252848
"LNP_0129",0.576861793248067,192,182,125,241,0,0,0,0.598519709795478,0.506676709630208,0.710600677360625
"LNP_0452",0.575598137549978,193,199,48,325,0,0,0,0.579947875332406,0.413432518896859,0.736942975563655
"LNP_0381",0.575535535593083,194,201,136,322,0,0,0,0.577942869859666,0.415274605429117,0.705732461607006
"LNP_0105",0.574421490638492,195,202,72,316,0,0,0,0.577776855120336,0.426167868673773,0.719483326923924
"LNP_0233",0.574053519324762,196,207,162,327,0,0,0,0.578971291707809,0.517684415027935,0.636646999882846
"LNP_0059",0.573849863726178,197,146,20,315,0,0,0.00154798761609907,0.628613744214448,0.383002412526617,0.885450181085981
"LNP_0259",0.573776308481292,198,201,109,386,0,0,0,0.577465262615699,0.329761323677134,0.70667961935479
"LNP_0101",0.573711552784665,199,199,137,264,0,0,0,0.578983965526649,0.504963712015857,0.706199283215101
"LNP_0488",0.571847288417796,200,200,133,288,0,0,0,0.579615084278493,0.470059395537022,0.707489509736756
"LNP_0342",0.571769022942666,201,220,134,363,0,0,0,0.56619895981404,0.472089613247844,0.641838443965636
"LNP_0165",0.570565274540788,202,207,161,274,0,0,0,0.571681076427776,0.490154230184073,0.693457474721396
"LNP_0359",0.567763513998371,203,214,127,354,0,0,0,0.569185540864288,0.370880601987754,0.69671014484754
"LNP_0484",0.567627243877459,204,207,163,318,0,0,0,0.580452632785983,0.522744380790069,0.663399090102023
"LNP_0197",0.567025164167246,205,211,129,333,0,0,0,0.570050335860118,0.399913283500684,0.710299080778668
"LNP_0475",0.565912687563961,206,201.5,95,244,0,0,0,0.582100232665821,0.489368002684731,0.72137982197854
"LNP_0179",0.562901174354895,207,177,37,301,0,0,0,0.609170277758198,0.404836836400256,0.84978300051378
"LNP_0298",0.562691386538576,208,202,46,261,0,0,0,0.583499275761871,0.4673803655519,0.732420606500665
"LNP_0300",0.562468127740252,209,198,154,250,0,0,0,0.585738499293732,0.472712655500055,0.702045134806099
"LNP_0495",0.562388491776317,210,195,104,270,0,0,0,0.593430699753121,0.460562311909371,0.748642275504978
"LNP_0163",0.562171642779735,211,210,93,320,0,0,0,0.571651734453907,0.419302026351235,0.713837391991069
"LNP_0098",0.56133476928542,212,197,117,270,0,0,0,0.587556285266966,0.471196665267741,0.714013874836257
"LNP_0252",0.560939027623048,213,215,168,253,0,0,0,0.56535301576184,0.514359597794181,0.694058199575603
"LNP_0178",0.558857206181571,214,216,101,299,0,0,0,0.566183732455376,0.453521337199176,0.720203859713924
"LNP_0074",0.555983503508898,215,181,73,297,0,0,0,0.600727816108073,0.408170091341388,0.728377758846963
"LNP_0115",0.555579628713939,216,211,131,298,0,0,0,0.581560088949066,0.468523423457633,0.716275024832185
"LNP_0060",0.555476273481375,217,222,110,409,0,0,0,0.560511166336536,0.295586417205068,0.716018220327779
"LNP_0263",0.55420759899296,218,218,127,326,0,0,0,0.575141466888687,0.486517268095642,0.724639634439338
"LNP_0136",0.551864675216383,219,219,47,285,0,0,0,0.565599167362719,0.471051921659795,0.731564151778443
"LNP_0385",0.550977339377994,220,244,169,358,0,0,0,0.542177537934677,0.515475877428918,0.579117221795712
"LNP_0103",0.547641451503157,221,234,192,302,0,0,0,0.549892136854679,0.47141525723581,0.674720731796073
"LNP_0164",0.547568579675369,222,243,168,363,0,0,0,0.543440713648673,0.470209387839017,0.585735484464937
"LNP_0188",0.545966302146145,223,230,90,327,0,0,0,0.553095986202274,0.411549095792331,0.717169580880128
"LNP_0064",0.544919826658822,224,230,167,305,0,0,0,0.552209777399854,0.438739532341496,0.697299630153165
"LNP_0438",0.54293588584489,225,284,97,427,0,0,0,0.504398159666841,0.370974525198564,0.674833362097297
"LNP_0433",0.542880739778203,226,259,167,377,0,0,0,0.527832959289208,0.475015947261033,0.59424752982314
"LNP_0051",0.54099768740658,227,213,111,291,0,0,0,0.5732890546701,0.426717977201634,0.717577210916672
"LNP_0409",0.540689269654265,228,274,120,429,0,0,0,0.512829323676247,0.387995891379726,0.645683919143389
"LNP_0432",0.539214537017265,229,235,133,296,0,0,0,0.548999162826804,0.460618753890529,0.709208408519553
"LNP_0443",0.537154411372904,230,217,139,289,0,0,0,0.571009904260398,0.427662407885924,0.693489028175377
"LNP_0309",0.536032005625704,231,263,164,376,0,0,0,0.52193222793008,0.459965250913861,0.587817833256723
"LNP_0006",0.535783038275598,232,237,180,271,0,0,0,0.548535391804281,0.466222676569008,0.689795731972939
"LNP_0057",0.53553249953824,233,243,197,339,0,0,0,0.545068360459149,0.504213743202615,0.608308153180894
"LNP_0348",0.535165470899796,234,242,154,421,0,0,0,0.541745802485907,0.282948435408591,0.697695450119219
"LNP_0407",0.533564701272688,235,254,172,389,0,0,0,0.52909501774149,0.440441981959515,0.613346341918137
"LNP_0470",0.533427750258729,236,205,69,325,0,0,0,0.583098618509282,0.371672989156522,0.794842458720574
"LNP_0392",0.532914026192198,237,265,176,371,0,0,0,0.520692790058951,0.476154722766884,0.58182402767559
"LNP_0036",0.53170241535023,238,262,180,374,0,0,0,0.522410896918402,0.457156109047209,0.587591169839605
"LNP_0166",0.531641375823803,239,246,176,360,0,0,0,0.537451248457407,0.364644273333911,0.689132107520172
"LNP_0116",0.528859759739883,240,265,152,401,0,0,0,0.519310294372823,0.425881784370998,0.627945263927568
"LNP_0302",0.527383916286371,241,212,40,330,0,0,0,0.575178567501191,0.365557712604886,0.725138004144544
"LNP_0321",0.526009971091841,242,244,166,340,0,0,0,0.55013899246776,0.433446974382783,0.658431250754656
"LNP_0086",0.525441586276132,243,251,178,346,0,0,0,0.532739614732343,0.385654800426618,0.693010893671379
"LNP_0243",0.525032311510438,244,249,149,384,0,0,0,0.534606807386925,0.331888624878135,0.704202952207311
"LNP_0237",0.52475843142741,245,277,148,407,0,0,0,0.508545217595355,0.409421483636465,0.630438433653121
"LNP_0147",0.524483952434612,246,265,208,362,0,0,0,0.519422151017093,0.497145005114234,0.555413210243611
"LNP_0083",0.524447878565384,247,294,135,416,0,0,0,0.493693926137296,0.388927919069976,0.633663762547284
"LNP_0315",0.524230427417489,248,279,184,385,0,0,0,0.508930175117503,0.456856802538449,0.588555986528457
"LNP_0394",0.523602423001827,249,233,101,311,0,0,0,0.564322610164848,0.388679247921019,0.753135975531657
"LNP_0148",0.522875692523728,250,247,83,351,0,0,0,0.539250195170638,0.380182255560188,0.726246291520286
"LNP_0209",0.522713868667843,251,251,149,315,0,0,0,0.533436645950555,0.430318248714367,0.705192186338736
"LNP_0450",0.521978952832932,252,246,198,316,0,0,0,0.540266110434045,0.452021369655616,0.68070976420706
"LNP_0469",0.52011409734696,253,277,198,378,0,0,0,0.509739437441511,0.471706640898494,0.571511825863983
"LNP_0461",0.516125668914118,254,198,21,389,0,0,0,0.589011506457699,0.269367595137494,0.882272811221175
"LNP_0223",0.514212914943711,255,266,189,390,0,0,0,0.515944455532686,0.440328316192289,0.59084819758911
"LNP_0275",0.513318651472147,256,254,108,319,0,0,0,0.533436232728979,0.402849329817155,0.70398997146957
"LNP_0301",0.511649076201591,257,238,84,333,0,0,0,0.557564575446273,0.361498845439411,0.772446717844416
"LNP_0426",0.511558216048326,258,267,210,378,0,0,0,0.518000529723002,0.452032216001074,0.584465925020413
"LNP_0061",0.511278757280907,259,261,153,388,0,0,0,0.522770942901701,0.326681466772137,0.704198352284564
"LNP_0203",0.510203094262598,260,262,148,407,0,0,0,0.521582072730854,0.29685085736829,0.702137901736164
"LNP_0217",0.509585872749706,261,273,196,425,0,0,0,0.515604545124833,0.27244481817592,0.674865070069349
"LNP_0150",0.509470812696784,262,260,147,323,0,0,0,0.538542051285768,0.4117809099298,0.686600916322279
"LNP_0135",0.508854446162294,263,266,167,395,0,0,0,0.517199449165279,0.313859206750217,0.697307056838583
"LNP_0042",0.507886706564029,264,269,178,399,0,0,0,0.514660737443785,0.306648794495036,0.693913793159311
"LNP_0294",0.507067516230061,265,214,51,379,0,0,0,0.575114893545837,0.285426886350324,0.802876848090558
"LNP_0067",0.506990424587344,266,232,117,343,0,0,0,0.556949284076447,0.346263229281139,0.708783619702885
"LNP_0363",0.506775603719026,267,257,138,333,0,0,0,0.542533562102099,0.376310534347141,0.705189448941178
"LNP_0011",0.504457631033552,268,210,36,394,0,0,0,0.579302593355267,0.253699768198296,0.850778864925982
"LNP_0447",0.5041196456698,269,250,145,327,0,0,0,0.545618452606978,0.372082183141168,0.6889542868384
"LNP_0048",0.503514472246661,270,308,149,439,0,0,0,0.474918937023,0.359420008656984,0.630335593685289
"LNP_0393",0.50223330576481,271,272,212,341,0,0,0,0.522504261702517,0.431408899041768,0.598724578363083
"LNP_0264",0.502149362549104,272,214.5,26,396,0,0,0,0.576316403941514,0.253483862719929,0.875019677380293
"LNP_0084",0.500478273524488,273,250,168,335,0,0,0,0.542369820112051,0.364705940226729,0.681320365062573
"LNP_0028",0.500394091989365,274,274,192,408,0,0,0,0.5111795839242,0.295764972952144,0.685829433761188
"LNP_0429",0.499571667849873,275,271,95,364,0,0,0,0.513278449676021,0.359463911443504,0.703147220916252
"LNP_0296",0.498662868260908,276,237,106,365,0,0,0,0.55413653075162,0.320078287861508,0.71184825549803
"LNP_0037",0.498631938492873,277,254,175,332,0,0,0,0.538331503047826,0.369084812208945,0.679243051484785
"LNP_0112",0.493995370311682,278,284,208,402,0,0,0,0.500435660159169,0.300958528388408,0.680329247050816
"LNP_0258",0.491572217084224,279,326,155,445,0,0,0,0.458298758302304,0.337517455433353,0.625091151636164
"LNP_0334",0.49031942281511,280,281,203,361,0,0,0,0.510666696352108,0.410413065063806,0.607827802004135
"LNP_0391",0.488096998570963,281,240,64,394,0,0,0,0.5569021425353,0.253923017247576,0.804825873256264
"LNP_0168",0.487958640270686,282,283,204,352,0,0,0,0.501184678249516,0.378377425867359,0.68440856973131
"LNP_0142",0.487728443334693,283,313.5,207,399,0,0,0,0.471981650153011,0.426229544713905,0.547589847490673
"LNP_0171",0.487420155976664,284,285,195,422,0,0,0,0.499899222474462,0.281372392154911,0.685906929913768
"LNP_0389",0.486495671184655,285,273,225,321,0,0,0,0.512500461212888,0.377707422707433,0.675534009650807
"LNP_0081",0.48580946617224,286,325,179,437,0,0,0,0.458839670774253,0.354740185991376,0.609641720533192
"LNP_0436",0.485369264290125,287,285,200,348,0,0,0,0.498567161122522,0.384890762987657,0.686315037735291
"LNP_0092",0.483765401119467,288,288,204,380,0,0,0,0.497693565235078,0.336601102597204,0.680186424868453
"LNP_0049",0.483341764609983,289,320,211,405,0,0,0,0.465645055226524,0.412131805096747,0.549307081970251
"LNP_0482",0.481981608250628,290,290,199,382,0,0,0,0.498334734798958,0.418339863213557,0.614835925851355
"LNP_0350",0.478878840091957,291,291,172,372,0,0,0,0.493368399089868,0.352270530017926,0.692495583343813
"LNP_0285",0.477434323394132,292,306,229,394,0,0,0,0.474304363363728,0.431725492327092,0.560897999471602
"LNP_0420",0.475246248402194,293,278,202,350,0,0,0,0.514550495506274,0.342535857323315,0.6647197875417
"LNP_0318",0.474612482279936,294,296,194,376,0,0,0,0.489082753266766,0.342093144323085,0.686041788292834
"LNP_0446",0.473162453224578,295,288,69,365,0,0,0,0.497014385785308,0.34010106529593,0.71091226254705
"LNP_0421",0.472981506948403,296,329,224,404,0,0,0,0.458185209648721,0.405596320151011,0.527090313323249
"LNP_0131",0.472897704121319,297,313,248,389,0,0,0,0.469715170198276,0.442247982414469,0.517454969807518
"LNP_0354",0.470589460398854,298,307,245,377,0,0,0,0.479356728469519,0.439066576259342,0.533336673343732
"LNP_0152",0.470037188781882,299,349,182,449,0,0,0,0.43849069111548,0.330260029270974,0.6070333639515
"LNP_0027",0.469131888356569,300,345,186,445,0,0,0,0.440117278971675,0.338225290199947,0.600157411696031
"LNP_0293",0.46903314147376,301,288,188,349,0,0,0,0.498192059745198,0.33596776817931,0.68942976169599
"LNP_0332",0.468220330846122,302,328,226,437,0,0,0,0.456855962864055,0.377669636486059,0.541024720437314
"LNP_0151",0.468079520257647,303,303,228,376,0,0,0,0.488962884359865,0.383384246433169,0.571055710916997
"LNP_0190",0.4678637490599,304,271.5,179,382,0,0,0,0.519917339162192,0.283319243714553,0.689948536519549
"LNP_0155",0.467090560923272,305,306.5,257,368,0,0,0,0.483049455584978,0.411316338672544,0.510066364757232
"LNP_0242",0.465259365795632,306,300,185,362,0,0,0,0.485114891765721,0.35232518889587,0.692017620211375
"LNP_0356",0.46424995461675,307,253,65,418,0,0,0,0.543467211519751,0.198720459767177,0.803826819200566
"LNP_0013",0.464157050743615,308,327,223,420,0,0,0,0.452917103281896,0.382978048921227,0.564723822012558
"LNP_0281",0.464117460992839,309,284,176,376,0,0,0,0.503917340183236,0.309180757151533,0.692643342398391
"LNP_0162",0.463552467145182,310,334,240,410,0,0,0,0.451171325090287,0.411491537421029,0.531022008454708
"LNP_0417",0.463469163493758,311,282,84,397,0,0,0,0.523932045483952,0.253274839325201,0.775032085237356
"LNP_0096",0.46049404133883,312,347,211,444,0,0,0,0.436990453698595,0.339227473911586,0.573312114263653
"LNP_0045",0.459541835808732,313,318,277,375,0,0,0,0.470212121541928,0.422628625410159,0.48592416370514
"LNP_0108",0.459321483692385,314,336.5,254,406,0,0,0,0.4501526096493,0.393131058520878,0.518923762199752
"LNP_0072",0.458048636832321,315,349,203,442,0,0,0,0.435239915472002,0.343191119124782,0.583420638109447
"LNP_0104",0.457147788021497,316,272,150,407,0,0,0,0.522638928446155,0.236020967590967,0.692792417163423
"LNP_0464",0.451827045935173,317,316,239,374,0,0,0,0.469923242906417,0.348032185558789,0.670205856358807
"LNP_0344",0.451062536739068,318,320,252,391,0,0,0,0.464034730699946,0.320657728813348,0.662006854539462
"LNP_0078",0.450146131691334,319,321,249,424,0,0,0,0.463739076021043,0.277664560268082,0.654281207611596
"LNP_0158",0.448858140281271,320,319,104,447,0,0,0,0.465411470632653,0.242545539730945,0.706424085912446
"LNP_0008",0.448289707791874,321,271,60,424,0,0,0,0.526401130437646,0.193438603541376,0.812546507953265
"LNP_0366",0.444659581362659,322,304,229,376,0,0,0,0.485499856208454,0.292757369777355,0.670671914208372
"LNP_0120",0.444253189531497,323,326,196,449,0,0,0,0.457165922411459,0.237584257456978,0.689026436588102
"LNP_0424",0.441643869275411,324,369,241,438,0,0,0,0.421377598215805,0.338400273537356,0.523330428670212
"LNP_0227",0.439955151008008,325,361.5,259,426,0,0,0,0.427169694720674,0.358650839747018,0.507632209587265
"LNP_0041",0.439456712101193,326,341,299,399,0,0,0,0.441839896881268,0.406826409471601,0.478659486711313
"LNP_0189",0.438924141428502,327,286,86,427,0,0,0,0.512768736139938,0.199750750885074,0.768335168306649
"LNP_0043",0.438584402062081,328,362,252,425,0,0,0,0.424436658926605,0.372280667404681,0.501883372036963
"LNP_0134",0.437790200610733,329,335,261,381,0,0,0,0.456237323783689,0.373970086694881,0.508363787174036
"LNP_0218",0.435523130561818,330,334,131,480,0,0,0,0.450466589692327,0.185260050816865,0.697233024675128
"LNP_0204",0.435341554832266,331,369,264,433,0,0,0,0.423241816795262,0.342217076438867,0.500279303164626
"LNP_0283",0.434993180520828,332,334.5,184,472,0,0,0,0.449279794993137,0.202639890753655,0.690252718986983
"LNP_0328",0.434331009359504,333,327,232,398,0,0,0,0.45903710370386,0.298052864274794,0.673830100531821
"LNP_0229",0.433723815096334,334,344,311,392,0,0,0,0.442643985476407,0.384944500028124,0.48562472913376
"LNP_0311",0.43177482673248,335,339,232,448,0,0,0,0.446111250793366,0.239977306906302,0.673821857942258
"LNP_0113",0.431549666682086,336,329,200,424,0,0,0,0.45639976160163,0.278324602786291,0.685753133841233
"LNP_0492",0.430603929097808,337,328,262,382,0,0,0,0.460426726525274,0.303554743919742,0.654775199784702
"LNP_0434",0.429609631599012,338,299,90,424,0,0,0,0.504493725619103,0.173738817447562,0.76497515925815
"LNP_0457",0.427929035408821,339,336,201,385,0,0,0,0.469795569045647,0.287057374725409,0.610499412654452
"LNP_0094",0.427687570580064,340,336,225,392,0,0,0,0.449935464853535,0.303664608865689,0.677770624435978
"LNP_0320",0.427543084145863,341,315,122,413,0,0,0,0.491188228421736,0.214458692885598,0.731102038780778
"LNP_0161",0.427174176311571,342,373,268,435,0,0,0,0.413817260411911,0.364738790985515,0.502394896731044
"LNP_0206",0.426930432097098,343,326,184,401,0,0,0,0.480254819284912,0.246920756121166,0.641312579729247
"LNP_0047",0.426908971109562,344,344,254,428,0,0,0,0.440957290589688,0.267310450571544,0.66453678526658
"LNP_0035",0.426398682281516,345,332,179,413,0,0,0,0.454537763201736,0.267965094415685,0.689637879576714
"LNP_0471",0.425532181064705,346,352,304,399,0,0,0,0.434868807541722,0.379772976177203,0.469714854561705
"LNP_0201",0.424211612557301,347,379,269,439,0,0,0,0.409876722525041,0.354653460047862,0.501174616598372
"LNP_0410",0.42296946023756,348,340,124,429,0,0,0,0.446198852944295,0.267825219712823,0.692362709099881
"LNP_0465",0.422280888680038,349,385,251,453,0,0,0,0.40180716516802,0.314454591652324,0.538907010447384
"LNP_0274",0.421434148332693,350,366,291,420,0,0,0,0.415965342536181,0.393363373981039,0.478365350152232
"LNP_0397",0.421268632871147,351,347,183,470,0,0,0,0.438405033010286,0.203264212039859,0.689001727751822
"LNP_0038",0.421064675976697,352,371,288,425,0,0,0,0.413303791172321,0.386213159060684,0.487754290304359
"LNP_0288",0.419724470934949,353,347,108,466,0,0,0,0.439842641628541,0.210692599014068,0.698731198148827
"LNP_0269",0.41769775093925,354,353,232,391,0,0,0,0.45295812981465,0.296207493624564,0.565558270619871
"LNP_0254",0.417674476328906,355,351,253,433,0,0,0,0.435630682142125,0.262465389869807,0.665568375863308
"LNP_0125",0.416980608273506,356,353,246,459,0,0,0,0.432257818657777,0.222570795310581,0.668709774211063
"LNP_0282",0.413684455161112,357,371,311,411,0,0,0,0.415012783417897,0.38677707970294,0.450242776241021
"LNP_0375",0.413013437090758,358,390,282,439,0,0,0,0.401903146351705,0.332776140446954,0.477533656584306
"LNP_0156",0.411729567352751,359,394,272,457,0,0,0,0.394496493692834,0.340216586760273,0.496721333222424
"LNP_0126",0.410781106742773,360,310,137,436,0,0,0,0.48995315135937,0.145679733506949,0.705796018916009
"LNP_0416",0.410210715884417,361,402,251,464,0,0,0,0.38684485686847,0.284720884794366,0.540684830803371
"LNP_0015",0.409699976250854,362,365,269,429,0,0,0,0.425915966544147,0.353979961874597,0.494241371649948
"LNP_0413",0.40700802912878,363,391,304,438,0,0,0,0.399765966884063,0.327146370650025,0.475281301410867
"LNP_0280",0.406993770724397,364,380,308,427,0,0,0,0.40411945421735,0.39221261627442,0.458456307576734
"LNP_0065",0.4068967325758,365,357,205,407,0,0,0,0.4496847469835,0.261490430617192,0.606625147244827
"LNP_0005",0.405991492700198,366,305,113,444,0,0,0,0.487166886631895,0.127287787462307,0.703483052903017
"LNP_0486",0.405070366229643,367,371,289,423,0,0,0,0.418969459338758,0.354837127727127,0.467346139891819
"LNP_0376",0.404092214717075,368,349,174,418,0,0,0,0.460101531502205,0.205322205949251,0.651939501233783
"LNP_0018",0.403706989632341,369,368,303,409,0,0,0,0.42720938640585,0.31247950908786,0.47515190621572
"LNP_0380",0.40294202570425,370,345,133,431,0,0,0,0.46498505074292,0.18420790880033,0.713980198064038
"LNP_0191",0.402812571776574,371,366,248,461,0,0,0,0.421235482756774,0.221611343749898,0.668193001584827
"LNP_0100",0.401965324733724,372,368,274,468,0,0,0,0.419492779758305,0.20634512447409,0.657651552893066
"LNP_0327",0.401381489504981,373,305,93,470,0,0,0,0.490215988244909,0.120639739576318,0.755036143645489
"LNP_0195",0.4013512344048,374,327,198,429,0,0,0,0.470118662661959,0.167247824787066,0.657483860130995
"LNP_0468",0.400179884448636,375,358,237,416,0,0,0,0.429229653127582,0.242565979350186,0.672669372968007
"LNP_0261",0.399778081515294,376,321,79,446,0,0,0,0.482489155472006,0.128375883375229,0.78347088010783
"LNP_0430",0.398726505252598,377,371,254,418,0,0,0,0.431760601414699,0.280272471636672,0.512292226533725
"LNP_0068",0.398650319536482,378,375,283,432,0,0,0,0.412811790658966,0.330063128917002,0.474187948400004
"LNP_0070",0.391992570490045,379,412,287,454,0,0,0,0.374995180481788,0.298048822781455,0.477703218326862
"LNP_0411",0.390460257326548,380,380,268,492,0,0,0,0.40672999933013,0.163860428781716,0.659692753045725
"LNP_0122",0.388900165446451,381,407,306,447,0,0,0,0.378311969027824,0.323957029950885,0.466472633046794
"LNP_0009",0.385793989421929,382,421,253,483,0,0,0,0.35973686432447,0.256338410521963,0.54009925895845
"LNP_0184",0.385491003819717,383,415,303,452,0,0,0,0.372781067268522,0.294453857415117,0.465974909391915
"LNP_0232",0.38430935704792,384,414,306,450,0,0,0,0.37217988702954,0.305367221459672,0.462233960607221
"LNP_0441",0.383260822203545,385,425,254,476,0,0,0,0.355835994858535,0.239790118199947,0.539982553110453
"LNP_0107",0.382977791914256,386,351,242,431,0,0,0,0.436884290701244,0.161468624484579,0.670861264459367
"LNP_0021",0.382966232188333,387,341,213,441,0,0,0,0.450743889642966,0.144250249372335,0.674260111637204
"LNP_0198",0.38245281186135,388,383,297,421,0,0,0,0.406164242001125,0.253347518418766,0.641109152994145
"LNP_0087",0.381287661897682,389,336,195,453,0,0,0,0.459582457842706,0.112761880755298,0.667906925533789
"LNP_0395",0.381198079346318,390,400.5,341,434,0,0,0,0.388040000712729,0.34366569145329,0.423583134447701
"LNP_0422",0.380974109218477,391,384,236,465,0,0,0,0.40353864666771,0.215325957893902,0.657431085123729
"LNP_0193",0.380042493803073,392,337,112,470,0,0,0,0.463700628962713,0.114350107778179,0.740691420195378
"LNP_0183",0.379419303210019,393,401,350,429,0,0,0,0.38631573922307,0.329256080230759,0.436482709459784
"LNP_0082",0.377454208683122,394,403,347,440,0,0,0,0.384574747970329,0.336323802312321,0.43178993751806
"LNP_0384",0.376560958452376,395,370,252,433,0,0,0,0.417270573823257,0.184022324466543,0.666000341191337
"LNP_0004",0.376505614084322,396,365,222,442,0,0,0,0.421545978134287,0.159584157933036,0.678299862448213
"LNP_0262",0.376415154776505,397,348,154,446,0,0,0,0.440328963182839,0.124550913349421,0.689756222174904
"LNP_0303",0.372801444130912,398,380,270,435,0,0,0,0.40891196092356,0.192040579272487,0.65802495144903
"LNP_0138",0.372085925321479,399,393,279,423,0,0,0,0.406778866130479,0.25199011964809,0.478507925245314
"LNP_0304",0.369755394519621,400,387,191,456,0,0,0,0.401189346316297,0.187181286492914,0.681207953970119
"LNP_0331",0.369409667057265,401,394,223,491,0,0,0,0.392631839051472,0.165373856764507,0.676225645939672
"LNP_0277",0.368798763401217,402,348,187,467,0,0,0,0.445447144361434,0.109510573164375,0.679130621284591
"LNP_0440",0.368614995751995,403,394,247,476,0,0,0,0.392757506934877,0.192016211771833,0.65808553615682
"LNP_0099",0.368513910300264,404,425,316,458,0,0,0,0.356480512841444,0.294391195300241,0.449502283782097
"LNP_0362",0.367957793983154,405,397,293,464,0,0,0,0.390171300326029,0.218788689902985,0.642342343516861
"LNP_0167",0.360554355801052,406,424,323,456,0,0,0,0.352439002225313,0.297412138932757,0.461912666493707
"LNP_0260",0.358855647069328,407,373,224,453,0,0,0,0.416789001227763,0.120323131312542,0.677890590417147
"LNP_0439",0.356872181601519,408,419,366,446,0,0,0,0.361024541070594,0.301358353540913,0.427770181777536
"LNP_0458",0.356116999726174,409,398,212,460,0,0,0,0.391599801991105,0.157294700475994,0.670392382016968
"LNP_0483",0.355780957348866,410,439,318,470,0,0,0,0.34045595439763,0.236188729995219,0.450191179493666
"LNP_0314",0.354828042972802,411,427,320,472,0,0,0,0.350182737389732,0.298148392399383,0.463764458211367
"LNP_0368",0.354718793006199,412,397,282,446,0,0,0,0.391676302933944,0.168334137566679,0.652513340565839
"LNP_0117",0.354089585095892,413,435,334,464,0,0,0,0.343730049881898,0.285150511236195,0.431134435724965
"LNP_0224",0.351314166144689,414,426,365,447,0,0,0,0.355086868502792,0.302330189618931,0.407586546150648
"LNP_0118",0.35099868141775,415,399,246,453,0,0,0,0.402031136700732,0.168510436176723,0.53331745593689
"LNP_0291",0.350320531856924,416,443,331,474,0,0,0,0.336153972605111,0.231849571399085,0.448363808078544
"LNP_0202",0.349879795292309,417,373,209,471,0,0,0,0.418720525405891,0.103484037758206,0.679944828301546
"LNP_0379",0.348428340286644,418,441,332,469,0,0,0,0.335735872568593,0.283417810438634,0.432622551820062
"LNP_0295",0.34824223403764,419,414,332,437,0,0,0,0.375637981226847,0.245275890099881,0.42195314402747
"LNP_0399",0.348144894212679,420,408,250,465,0,0,0,0.381510464327998,0.161677389892944,0.667051047089384
"LNP_0016",0.347882953697,421,383,152,460,0,0,0,0.405072688267719,0.101790484825483,0.685797254123444
"LNP_0250",0.346935652733073,422,437,333,468,0,0,0,0.337583752667203,0.273689902161036,0.453965244122966
"LNP_0119",0.345830541480401,423,448,302,483,0,0,0,0.323957981344726,0.233173779690885,0.487098660464128
"LNP_0353",0.342674806233782,424,451,297,488,0,0,0,0.318381725536043,0.224670514271705,0.491990925897258
"LNP_0500",0.342121416277572,425,405,254,456,0,0,0,0.383323979818843,0.137592490520687,0.665854644788212
"LNP_0297",0.340622776398778,426,392,187,462,0,0,0,0.396530570695039,0.0993072715243739,0.676889371279303
"LNP_0240",0.339813946905745,427,412,272,469,0,0,0,0.378392834302077,0.135296111385197,0.658147210807938
"LNP_0316",0.338276713527606,428,403,270,454,0,0,0,0.385535114314974,0.124939640955078,0.65920548869554
"LNP_0054",0.337554646144161,429,431,389,454,0,0,0,0.344447981027508,0.267319864514043,0.430917118674809
"LNP_0132",0.336045295403648,430,420,319,454,0,0,0,0.370772938387544,0.204049766574187,0.420506088473803
"LNP_0326",0.335689530819526,431,414,258,464,0,0,0,0.373584996189698,0.132850143733373,0.662719022010751
"LNP_0128",0.335484730723164,432,436,385,447,0,0,0,0.347238063986374,0.271484453735158,0.387590093566519
"LNP_0111",0.334681584160049,433,393,190,465,0,0,0,0.404968564384932,0.0998475660012245,0.624756825553316
"LNP_0085",0.330352531981865,434,443,383,454,0,0,0,0.335447144252527,0.281811282066348,0.391496988554633
"LNP_0272",0.328615267975088,435,429,350,448,0,0,0,0.356778097152693,0.220819088613931,0.413191988804575
"LNP_0088",0.325625269389852,436,407,229,468,0,0,0,0.389782389994863,0.107421399326034,0.570024475121815
"LNP_0032",0.324504046143957,437,412,247,461,0,0,0,0.383043371965396,0.122125621713752,0.528151360171505
"LNP_0412",0.318711044968265,438,424,198,481,0,0,0,0.360956512009375,0.0916167824391967,0.679268776638704
"LNP_0181",0.31580917310388,439,427,272,465,0,0,0,0.365211453467029,0.14514173918508,0.490529070047807
"LNP_0046",0.313651002041124,440,457,346,483,0,0,0,0.300953055459303,0.235633904534066,0.439546626451446
"LNP_0425",0.31349819247554,441,424,251,466,0,0,0,0.369276101462928,0.122350810015901,0.516971079095654
"LNP_0173",0.31219695208353,442,424.5,220,474,0,0,0,0.357481823340338,0.0907581413380838,0.679144968968138
"LNP_0157",0.311469936519515,443,456,380,470,0,0,0,0.307698627286748,0.253490278462355,0.392525299461062
"LNP_0454",0.310460155792626,444,433,256,483,0,0,0,0.350450048945378,0.0973912526416857,0.665085853034142
"LNP_0445",0.310395826181934,445,428,268,473,0,0,0,0.355324992534165,0.0899960345683676,0.658663137557769
"LNP_0478",0.307134647083937,446,436,186,491,0,0,0,0.345309768438557,0.087965333583246,0.676235185856428
"LNP_0249",0.305842422515034,447,422,242,477,0,0,0,0.369566065441909,0.0907053518770554,0.538193790079296
"LNP_0408",0.3050062452975,448,454,399,465,0,0,0,0.307789421586187,0.249276660511166,0.377830632574628
"LNP_0220",0.303201196562758,449,430,278,478,0,0,0,0.35000801002665,0.0885548118160017,0.655475004806035
"LNP_0185",0.302576867927591,450,461,375,483,0,0,0,0.29460883106673,0.187409045567474,0.393382404216697
"LNP_0290",0.297998832392011,451,458,400,468,0,0,0,0.299902253095629,0.243912427329988,0.362101898064461
"LNP_0248",0.297683825711446,452,434,290,476,0,0,0,0.345358028959109,0.08726179827629,0.644175360729182
"LNP_0075",0.297625134554566,453,466,358,490,0,0,0,0.282810466059903,0.18261554869444,0.395230731278993
"LNP_0222",0.291582803876327,454,433,266,479,0,0,0,0.352027058298327,0.0863639493609286,0.500622884467296
"LNP_0341",0.287063255238573,455,469,372,489,0,0,0,0.275163024519467,0.180576594499158,0.383255615512172
"LNP_0453",0.286821707321837,456,467,383,485,0,0,0,0.277227488955409,0.185006806586547,0.375383131840558
"LNP_0145",0.286678633385251,457,445,305,478,0,0,0,0.329451053416172,0.0836193365626447,0.627003754192991
"LNP_0306",0.283997573018344,458,470,381,493,0,0,0,0.273679491053257,0.171547874073734,0.371805059552499
"LNP_0034",0.283824502087429,459,451,363,469,0,0,0,0.319871524004195,0.155098083504597,0.363188204850079
"LNP_0330",0.281006948596864,460,443,291,477,0,0,0,0.336885936975631,0.0861022885671502,0.465855041599504
"LNP_0373",0.279115956602244,461,449,308,475,0,0,0,0.32555246657188,0.119591092042192,0.43389640140577
"LNP_0340",0.278470547088697,462,446,283,495,0,0,0,0.324423176584993,0.082274982535375,0.652227100346206
"LNP_0435",0.271806515592115,463,472,403,484,0,0,0,0.265503821717368,0.188907189630277,0.365105026264212
"LNP_0093",0.271490663736609,464,475,388,494,0,0,0,0.259755023194671,0.174065475937721,0.371845646008206
"LNP_0121",0.269861301335468,465,469,408,487,0,0,0,0.270152806786884,0.225087744089329,0.355801551787682
"LNP_0472",0.267512446083138,466,457,313,486,0,0,0,0.304950287379821,0.0778758621936381,0.612930576249496
"LNP_0377",0.264049917617539,467,461,315,496,0,0,0,0.298467500442756,0.0762049463685694,0.612497078398564
"LNP_0106",0.260601946273395,468,457,341,479,0,0,0,0.311393470547321,0.0782232283234844,0.401566916101343
"LNP_0496",0.260572240091263,469,457,324,480,0,0,0,0.310662981099657,0.0755872652258893,0.413920461867293
"LNP_0477",0.25905121542778,470,473,414,484,0,0,0,0.258647759620267,0.202110700929219,0.337837269989607
"LNP_0491",0.256333689217967,471,458,306,496,0,0,0,0.299159960714602,0.0761795987169114,0.624507732807567
"LNP_0230",0.25553979326712,472,462,300,497,0,0,0,0.290715647412818,0.074614280881174,0.635767298911463
"LNP_0024",0.250527636954955,473,464,302,498,0,0,0,0.287964248215146,0.0737832149153304,0.629882345792936
"LNP_0234",0.245933729864525,474,471,435,480,0,0,0,0.261080516296676,0.150732680804022,0.348025243387515
"LNP_0029",0.241994852655432,475,482,409,498,0,0,0,0.232819362516928,0.140944078448547,0.347999443392809
"LNP_0352",0.235104444211145,476,465,287,489,0,0,0,0.286536800779298,0.070786401955417,0.470217598892949
"LNP_0357",0.235051885504785,477,480,426,489,0,0,0,0.239734252889367,0.169440033945453,0.315950912012484
"LNP_0400",0.227702227929957,478,467,343,493,0,0,0,0.27531266841866,0.0675971738377566,0.398142366239865
"LNP_0139",0.226919945925432,479,468,365,490,0,0,0,0.272018365326254,0.0667944380226591,0.409612132265554
"LNP_0143",0.21442632443955,480,479,431,494,0,0,0,0.244578239453828,0.0988532631199441,0.283702895434649
"LNP_0062",0.21251052959282,481,485,440,491,0,0,0,0.223163529384813,0.136319960697795,0.281700037048612
"LNP_0382",0.211290844396392,482,480,456,487,0,0,0,0.239062454107186,0.0884365825291276,0.313349634028772
"LNP_0360",0.210421156228254,483,478,437,488,0,0,0,0.245961911076056,0.0670390461557864,0.330094593320302
"LNP_0241",0.210108998358069,484,488,425,500,0,0,0,0.205936798618823,0.121870570738809,0.310724517911122
"LNP_0020",0.209128995026024,485,477,371,492,0,0,0,0.252811287581133,0.0619726304155349,0.352998222490578
"LNP_0403",0.199756049476019,486,481,404,489,0,0,0,0.237831698295844,0.0582397866707884,0.332526781295671
"LNP_0485",0.188423708789874,487,485,445,493,0,0,0,0.218710083491307,0.054210767001463,0.365686897823866
"LNP_0431",0.188271352035436,488,485,434,495,0,0,0,0.220199162375019,0.0544485538948869,0.364785816099634
"LNP_0219",0.177488955759573,489,490,446,500,0,0,0,0.193750189105301,0.0690225925050896,0.299751037782822
"LNP_0271",0.169906195231651,490,489,462,492,0,0,0,0.197965504712727,0.0486591385969384,0.302408013007976
"LNP_0324",0.168024399086757,491,492,463,499,0,0,0,0.181369635046116,0.0647368144843243,0.277717368362613
"LNP_0031",0.166977820980797,492,490,434,498,0,0,0,0.19811449917179,0.0481366693495717,0.26145363957962
"LNP_0137",0.153910099765596,493,493,481,498,0,0,0,0.176845921553785,0.043485862471563,0.271852618687618
"LNP_0114",0.147306429996288,494,495,482,500,0,0,0,0.169785323140303,0.041502397672948,0.259702308351698
"LNP_0347",0.147140689773908,495,492,456,499,0,0,0,0.17648127039986,0.0434269949004539,0.288345271174637
"LNP_0456",0.145629414010902,496,496,474,498,0,0,0,0.162303431362349,0.0410746255526032,0.310887673813886
"LNP_0089",0.145129169544733,497,496,470,500,0,0,0,0.159453577248054,0.0406470637932826,0.318789902641232
"LNP_0238",0.13643359010965,498,499,486,500,0,0,0,0.149534447900085,0.0378655535428774,0.282730416122938
"LNP_0401",0.135301075137925,499,496,469,500,0,0,0,0.160846855125077,0.0396574558867682,0.283585521150811
"LNP_0386",0.131872353263268,500,498,486,500,0,0,0,0.154812426243457,0.0383573113829903,0.265652985631019
