"sample_id","CD4_T_cells","CD8_T_cells","B_cells","Plasma_cells","Monocytes","NK_cells"
"SAMPLE_0001",223.828624059493,255.202437826459,174.370935164469,87.7125450957584,155.207965626905,102.346068451358
"SAMPLE_0002",174.495664301433,215.723165217875,145.484294799379,72.3664253442872,180.065226753011,108.541093243609
"SAMPLE_0003",238.344882657102,247.689175264208,196.072426433251,100.241459002693,172.103264587625,108.26077578008
"SAMPLE_0004",172.91064714828,198.395395548062,144.572407333942,65.8117805791468,160.333645316211,112.5640052979
"SAMPLE_0005",190.994711357388,219.215041079641,146.863843943044,76.3700263033037,168.16091091086,111.496290666345
"SAMPLE_0006",201.111142478346,261.683332292058,179.89719515293,88.9377097744499,171.726609565466,101.038327421628
"SAMPLE_0007",132.602365028306,134.00149369534,109.442674747878,49.5381379961194,170.886367644867,106.106733887685
"SAMPLE_0008",108.264112684958,103.803044737038,72.5352864722125,16.3649475062788,176.456384615976,102.206072213943
"SAMPLE_0009",210.35357551373,246.928617572256,184.507891451,87.3817185080078,154.509168108928,83.1417639894315
"SAMPLE_0010",199.987299411704,223.294753499608,177.800545423919,77.7081813128549,193.862045144387,121.978377209644
"SAMPLE_0011",187.015073908522,214.154012219123,156.325094787878,83.5993073743999,177.699590173642,103.368254086625
"SAMPLE_0012",155.208726025258,164.837937853054,132.45678378795,52.6893487901461,183.335476539506,114.550388396074
"SAMPLE_0013",148.18734604916,151.052290221773,130.278003486939,46.0035923126392,195.868387073651,113.122503863668
"SAMPLE_0014",204.755907941107,219.114651490551,151.399145111446,74.5550808433176,192.146367974016,131.020298446758
"SAMPLE_0015",177.545628904537,203.496066360664,152.445839646718,68.2438765901041,182.048300967717,101.543627540596
"SAMPLE_0016",153.967511082745,149.559062536443,119.000153656093,47.3436632867832,198.995328977886,116.250214020417
"SAMPLE_0017",230.137588992005,251.379852456506,176.605622948043,94.529234842315,162.90369172028,99.1822163049971
"SAMPLE_0018",200.105533572605,215.323422928528,166.123572015922,77.523106227544,161.195602393591,113.295396059659
"SAMPLE_0019",150.098099729954,185.440374650448,138.254922686523,54.2465215822706,148.142583952374,93.6202725066355
"SAMPLE_0020",194.656021206283,200.932350075784,150.968210093404,63.5386364421254,163.572743743024,109.252079865902
"SAMPLE_0021",207.86388191675,244.502230470098,161.935230227507,93.3304605664276,180.937386763792,102.994723486289
"SAMPLE_0022",192.084353536816,196.28867286505,150.06438202779,69.749333740891,156.468997684921,94.490352541067
"SAMPLE_0023",140.919614726449,158.873018703436,131.686908338721,59.5480039914012,160.254878239294,104.195894393387
"SAMPLE_0024",224.316773562247,250.05198530447,180.452701012837,86.9249378572185,172.835394993626,95.4766363318609
"SAMPLE_0025",154.490762090477,166.254874522732,131.651057860496,52.9738726470033,148.282679875907,92.4339383333952
"SAMPLE_0026",189.461677738591,199.040248259648,148.074698217121,69.6909476122203,168.446284759443,96.4568109116852
"SAMPLE_0027",179.542790805652,222.351164642629,156.602696647625,75.3334524935216,163.399311684545,110.554009195988
"SAMPLE_0028",143.65885057228,137.834169354255,118.44644958762,42.0837379830566,159.940051258725,95.8700124963167
"SAMPLE_0029",213.80966818629,245.398128381814,176.001472508666,84.5740111737616,151.683281312103,95.5224735467673
"SAMPLE_0030",188.215331593046,208.939555292402,146.180234522708,71.062293646647,144.226532978732,111.815109016043
"SAMPLE_0031",227.87634281915,255.47407865241,186.200913494968,105.235108067824,157.023706563489,91.9270536297712
"SAMPLE_0032",207.821561909423,216.231859722582,151.728509479245,70.6275379046033,187.975987868485,113.487044606343
"SAMPLE_0033",204.217854329687,243.204136561632,167.376967920593,83.2901720219511,158.057874418844,105.145071040583
"SAMPLE_0034",176.182174977259,190.254033601687,142.994998979335,62.2916405805956,168.6210146482,112.687845372044
"SAMPLE_0035",171.404147743486,169.853979562554,116.619027365338,58.8673691131456,164.5289174047,104.396522967146
"SAMPLE_0036",176.643876833535,175.535469468575,136.368052892793,59.3372867958716,150.954992662834,86.941964045715
"SAMPLE_0037",155.669339264044,164.674844184398,133.404657630448,59.9055567483897,151.303897709648,95.0013811098058
"SAMPLE_0038",174.691469102976,205.716441176603,132.715903890557,69.5623722057503,162.677470937127,83.9266757284191
"SAMPLE_0039",205.722402205209,219.751318614983,159.748703676334,65.6969698901849,157.083427291811,88.9706091963262
"SAMPLE_0040",204.392710616112,259.44742708009,184.18345634922,89.1768823717981,171.25911052409,92.7246745090442
"SAMPLE_0041",194.141776819734,226.602022882286,160.306092386147,70.2625412449762,149.878857714298,84.7343931654085
"SAMPLE_0042",170.733841708963,198.229403684765,133.931511503921,67.3662484517979,166.021877929835,113.216975075104
"SAMPLE_0043",190.760321666088,201.858113254616,141.536052888459,68.8191272484587,172.251424733414,112.788269427385
"SAMPLE_0044",185.509908911406,216.576869589507,162.340467709046,82.6993933240654,163.892807435809,99.1072010180174
"SAMPLE_0045",196.464718011962,205.911788812528,151.146017574677,76.2350680405275,155.753593265437,101.483092313567
"SAMPLE_0046",154.695568105466,155.468053149261,133.543687008705,53.2357176149549,193.477712903775,100.814745762336
"SAMPLE_0047",221.891298333764,255.870582657675,180.35080162935,98.7341600807785,159.252350054726,109.12935335806
"SAMPLE_0048",178.400369072325,206.150180135733,142.829541332194,76.8849251450908,154.714278173741,91.8451358706047
"SAMPLE_0049",207.752367601531,208.694584391395,148.175466525834,66.4900417348507,157.050071435678,90.9410781545771
"SAMPLE_0050",177.9352963258,187.913629356158,139.462508792309,68.6426424763294,178.643608526152,99.0384342517899
"SAMPLE_0051",189.11493928334,195.563002125752,140.80249055338,77.5705931559019,153.29464876904,97.9354605984456
"SAMPLE_0052",194.923423107337,210.524158614922,143.657522147637,81.4550080500005,171.542356269907,110.564857218757
"SAMPLE_0053",198.533249019989,201.922946094277,165.233887445776,75.0903158161238,186.878011468548,100.769487680837
"SAMPLE_0054",197.418978311628,198.128444405852,176.113206534818,74.7748972850871,156.465141646721,107.748791760383
"SAMPLE_0055",158.388036313383,172.566758820975,118.410869010562,51.6137185127133,166.063895221166,115.627668094316
"SAMPLE_0056",137.503449961905,179.277138823536,136.978331737063,59.396022349854,138.168942826265,101.34231898867
"SAMPLE_0057",162.150431517245,159.192221141921,126.679576590992,43.3140673281154,176.343733275431,99.7513892253386
"SAMPLE_0058",111.274079170301,124.551065458907,93.2337214622688,34.6667711851611,169.227854801227,105.241196676229
"SAMPLE_0059",133.693917648266,124.717859504444,101.58519107489,40.0445548386871,162.992614694439,86.3198371537092
"SAMPLE_0060",165.853405881977,183.581118216583,142.30190498691,60.8691691094392,144.626377225955,104.84675488246
"SAMPLE_0061",171.948022073514,195.420704307247,135.022795842447,59.2884350694225,183.260040144266,100.284489925198
"SAMPLE_0062",196.119057989389,241.04446365928,152.459326507069,79.4170491121086,173.526201873274,97.7482299264012
"SAMPLE_0063",162.935542455485,170.462475802352,136.172322964996,58.9128664969985,175.186470964135,113.171266549074
"SAMPLE_0064",183.17451454422,201.953287347566,144.008720968882,77.2187527748284,142.261638504879,84.1129878962701
"SAMPLE_0065",222.94050629376,264.590880868805,190.637853307145,93.9823858160731,177.178321034511,109.599009642136
"SAMPLE_0066",97.7436225099525,113.026670344484,84.6270769340464,30.6863576583607,161.518710361199,103.834757858409
"SAMPLE_0067",170.402794270914,185.20381687668,129.818178455487,70.1085628783685,157.641651192066,105.036076582591
"SAMPLE_0068",186.067430873184,179.997276904019,151.142907279515,65.4280668406495,164.276563881395,96.578017355331
"SAMPLE_0069",181.343233564541,191.579204587979,157.170540253907,74.2473794138603,172.667363514516,107.344639829767
"SAMPLE_0070",158.439467537231,138.921627425121,137.4654240775,57.3391119356219,177.156650535036,110.554409759136
"SAMPLE_0071",204.367280040927,220.197316890199,163.721778023892,85.95831899073,149.9952294117,92.0581661886133
"SAMPLE_0072",186.06472609889,207.669247295826,151.747543101259,75.8028400549408,152.324709277809,94.6302820832598
"SAMPLE_0073",206.542182494418,243.346701049826,176.956635801602,87.8803846945776,160.608028185633,95.8238596284971
"SAMPLE_0074",151.131777710072,153.197712183023,118.171125416531,47.2460924349857,176.958258486592,103.239986978896
"SAMPLE_0075",173.0383297977,213.186466756657,158.779219026065,62.9655681123781,182.606635720437,107.039955640046
"SAMPLE_0076",195.669988586446,240.117199729785,167.62015764837,83.49035589198,174.269451591639,104.367536243246
"SAMPLE_0077",194.877492210605,198.012207883587,131.434210329163,68.9198279922278,157.751263540652,99.962064301751
"SAMPLE_0078",214.906022200503,245.029819777405,159.333053592158,84.0588045230775,178.720107727998,100.759291619713
"SAMPLE_0079",174.614022287234,203.448044971778,138.772333571671,63.4044638022431,194.686165526152,108.659064083947
"SAMPLE_0080",156.002305049225,148.53370497036,115.270386962784,48.2316925894474,176.710365139838,112.487896993644
"SAMPLE_0081",172.621153058432,184.157476587169,139.374489345402,66.1028878878968,168.090007929293,92.437356867667
"SAMPLE_0082",163.693586698375,174.998168697066,135.147061350705,58.6389678239243,162.59490262409,98.580464137817
"SAMPLE_0083",193.542383369886,188.566789232919,160.430233275064,81.9366985038989,157.58628517242,92.6213294903537
"SAMPLE_0084",183.82360935421,182.788113577899,139.55263458506,74.2127088095022,148.789582704174,86.1775039935208
"SAMPLE_0085",119.583796157155,117.248850798114,88.5158885790852,44.442950884752,159.070587820867,85.516661945088
"SAMPLE_0086",145.265961565709,133.458778034033,107.856872065768,35.671474271345,174.99959951275,96.3098082769458
"SAMPLE_0087",225.167383677389,233.556289812295,167.823779166993,83.3791175659728,171.718586604593,101.352808141814
"SAMPLE_0088",177.96522772003,190.810252786632,142.309274633145,64.1700184909387,151.284374496281,103.799478335249
"SAMPLE_0089",157.774514442012,149.23743331034,113.384817164527,41.4734109580721,183.837476150686,112.894043577953
"SAMPLE_0090",218.9750714426,254.545828525815,168.880285734907,85.5646850109467,159.342841843655,97.1090273026819
"SAMPLE_0091",172.823502341495,190.766864566577,131.270477228628,59.1595419290204,167.308698855851,93.944320900687
"SAMPLE_0092",187.908276496416,234.707201774506,153.874561933265,77.832479631038,169.549846715737,94.48828149018
"SAMPLE_0093",185.775522128884,196.681518561198,144.786955331823,63.2035350497468,184.417787064309,112.657178347197
"SAMPLE_0094",175.027283331295,179.908902673536,142.904430165814,63.1076694152546,170.449669622885,89.6861852186992
"SAMPLE_0095",143.989634900494,144.976295695947,110.695686371135,42.082266588118,177.259114747592,118.819475730209
"SAMPLE_0096",189.976878673321,199.010429973139,150.805023230564,79.2707827143568,179.397190373958,118.169882442584
"SAMPLE_0097",188.656432762241,182.939036111086,128.429183511212,58.5301702462382,157.300532829009,106.600366304147
"SAMPLE_0098",166.155981687882,174.975854344827,129.809956529042,65.8168351387269,144.546469363787,95.7388065252875
"SAMPLE_0099",206.422605503657,271.519363907571,185.936893969245,92.8903277816875,166.821476366231,91.0542575321665
"SAMPLE_0100",119.167502660367,110.608555641267,91.9034829372454,33.8870121760082,137.648582503108,103.45583472865
"SAMPLE_0101",131.847387908396,136.663467317684,100.791068108966,40.1194429057519,155.838767663745,96.8439727690499
"SAMPLE_0102",210.215896397932,239.262513153851,157.207501323502,76.9131715454026,154.961844905424,102.02619856949
"SAMPLE_0103",166.195652355975,178.366879430487,128.382674773723,60.0370021032447,211.774419812502,133.116809939621
"SAMPLE_0104",218.100747317425,253.807176720855,171.986728245772,86.39652619907,163.556798315498,95.3534328903535
"SAMPLE_0105",151.486581170633,146.970530113388,108.791046244094,49.517229710973,155.838760037197,105.527543809114
"SAMPLE_0106",173.994628164053,219.219875309762,153.332164599042,79.4528433437412,161.236564523297,110.421038371856
"SAMPLE_0107",188.244611217207,182.457389814372,146.630234792365,63.2705150030893,176.4977075673,106.702989767636
"SAMPLE_0108",213.516229113902,226.215006891247,178.212168151056,88.4630311641712,174.370313796292,112.184718595152
"SAMPLE_0109",191.315583217631,211.376488337924,164.287131043238,73.9657762978755,138.350339222309,91.8399381585885
"SAMPLE_0110",118.729858059215,118.763873929173,85.2456335473895,36.3102626980862,164.884466840199,93.9012708438171
"SAMPLE_0111",157.42335548768,176.268813697373,141.121789042438,62.337332409711,161.458543441026,88.808055280904
"SAMPLE_0112",201.216303409228,223.300403183367,162.684457796758,80.8831278388777,156.292557336462,85.2173521092896
"SAMPLE_0113",204.285004509818,227.75593766961,157.65667091828,76.7498121399228,170.272697894222,99.3430776948203
"SAMPLE_0114",197.185635981179,227.679444207517,170.49509150575,79.2616653896159,192.28665962483,120.976023290971
"SAMPLE_0115",195.943354586608,224.109088438348,146.395897908717,74.132651207666,164.454821581301,106.369584982282
"SAMPLE_0116",179.666407160738,179.22051878423,143.132187143938,67.7796651981321,171.168233398946,91.0691324156664
"SAMPLE_0117",111.826027029825,91.075094602778,80.4599783909281,24.9213855662181,150.083022864663,96.8717057108294
"SAMPLE_0118",144.954509142622,156.825550304098,131.148642868189,46.6386945909654,173.928533270386,113.326760343317
"SAMPLE_0119",140.664190064191,147.736175709435,100.522834664384,46.4324611494119,165.413375156603,107.983741818889
"SAMPLE_0120",178.089583177439,191.184029160446,141.363071343547,54.2995182717677,170.752604560527,100.206012961156
"SAMPLE_0121",177.327722912452,190.377940520858,151.693621463394,61.6521507536798,147.29288828168,107.134686936128
"SAMPLE_0122",178.155776009619,210.54663416539,144.72748687919,75.3645370407501,165.985742316003,108.153988130484
"SAMPLE_0123",155.606895985958,180.088721089524,138.448738118441,51.0655300348776,162.66899695651,98.3007209557838
"SAMPLE_0124",152.046667519698,147.244470358098,124.481441114689,50.1352378803907,197.201223721574,129.719106878449
"SAMPLE_0125",137.386593864812,138.81903269815,116.049125353565,43.1739033297741,195.954998082845,118.479100470345
"SAMPLE_0126",175.488835344522,198.307599061669,146.144713224675,62.0250982258021,174.82870957843,107.769795967531
"SAMPLE_0127",130.372891119724,126.836448315549,119.889950775115,37.8789017356753,196.617560442692,116.801210930674
"SAMPLE_0128",144.091471937008,164.326429012772,140.463727702922,56.2933984406536,173.649096627984,118.077915648232
"SAMPLE_0129",167.286595470991,165.294717856152,131.686533290666,61.1369259715151,149.651140398411,102.149207907914
"SAMPLE_0130",178.477441666537,184.808199380867,147.69616399884,59.3416566039988,156.285174196846,102.65161374436
"SAMPLE_0131",172.931281061471,183.927933720541,140.744390280473,68.8849266095412,185.402180861553,109.105954102474
"SAMPLE_0132",171.332669945374,165.744497251513,118.285780150636,52.3144341259103,202.289534372358,119.57560213329
"SAMPLE_0133",176.516985541908,204.985832391302,153.563561776152,70.1518431937968,193.48301136597,109.670811595829
"SAMPLE_0134",228.464892830496,268.772259630599,181.42517560338,103.426925618,181.265329896397,93.66818949201
"SAMPLE_0135",114.630731210871,87.3527085509604,81.4570242952756,24.8339408116481,164.188372316913,109.93563859117
"SAMPLE_0136",162.13848605665,159.723275039894,119.017735001731,47.4627685910531,159.912698245626,103.996941257238
"SAMPLE_0137",187.208904983613,206.67794796307,155.475964992186,72.6308703029539,185.429840766485,114.918106257083
"SAMPLE_0138",196.732764232736,228.519920202766,160.392455325065,70.2646700678461,161.418379427292,98.5215450221864
"SAMPLE_0139",192.30093808023,217.778012298814,177.474496401461,79.0204228586622,182.248757129777,123.158350073056
"SAMPLE_0140",192.730889985505,227.01073853551,150.201105960697,75.6787366120917,177.567589010592,103.488204875486
"SAMPLE_0141",198.599660297809,206.509970314266,154.18208881001,81.2275110269651,167.527660120176,95.1234356961322
"SAMPLE_0142",223.241821604275,255.98205493171,184.457911501639,98.2622341495581,146.545096760078,109.918825835701
"SAMPLE_0143",137.372991079177,167.664645600107,131.409724009303,55.2476332136972,205.875447769038,117.509333417854
"SAMPLE_0144",179.035357458474,212.226713109368,169.070702491993,76.3042964769981,165.073826187683,104.708576621114
"SAMPLE_0145",181.245435836703,214.895247634451,148.745065818173,70.2999970118828,168.724878192839,113.063623156203
"SAMPLE_0146",188.77889042423,228.456275768399,155.747697956126,86.2667874879956,169.653961807393,86.0576292760847
"SAMPLE_0147",200.587407416522,244.68183918351,154.969092423446,88.7134601766369,154.508575753185,114.740521625579
"SAMPLE_0148",142.351398781016,144.375758075558,117.596006696793,41.2191550406701,154.615248814431,110.486755269655
"SAMPLE_0149",198.7257864557,210.746800972302,140.805375576992,71.4791330076558,168.858192775882,111.541227551905
"SAMPLE_0150",190.078594579427,207.660143339285,150.151597943134,74.5146147406736,182.094857377608,121.53909625744
"SAMPLE_0151",139.502123913626,137.104590914539,111.720597643918,39.517229932818,152.082054312154,101.869175640208
"SAMPLE_0152",192.78124011583,238.727937292358,153.120594930204,88.057579384515,170.226083588838,90.9758547863673
"SAMPLE_0153",152.992800495451,121.100760898915,132.645493700601,49.8732128424799,172.397395571963,110.113627624239
"SAMPLE_0154",117.119128567335,127.130608640816,109.477873462974,32.0596367044924,179.036331989422,101.987386267068
"SAMPLE_0155",149.786296246938,138.990594492542,110.127915258894,46.6456280621093,176.686348497906,107.334305561333
"SAMPLE_0156",200.931305611418,215.132413377475,146.020390928749,76.8049383224612,170.361944902484,108.992969151998
"SAMPLE_0157",216.737779715536,244.958799196829,166.404793544568,77.6604731200656,177.469391299739,108.559414046665
"SAMPLE_0158",207.990592089449,225.692628422437,161.395269255908,82.4970439615456,179.911551639738,114.183063789005
"SAMPLE_0159",228.201697153908,263.188584097318,193.338807496624,92.8282777721914,169.091837642235,99.1528954583574
"SAMPLE_0160",233.755977503585,246.713336685655,173.908877671237,93.8112652731301,183.843757988358,101.020596387891
"SAMPLE_0161",181.772091315357,204.246100087932,153.267415532514,75.5356379840101,136.984150748139,100.019953644522
"SAMPLE_0162",185.046853541235,203.647253433085,166.734750441095,72.5423465846918,183.841229624822,91.6838343836669
"SAMPLE_0163",181.08516336046,186.990619531329,130.687123550452,56.6231752488774,198.858508355721,109.754516270593
"SAMPLE_0164",146.265679716078,131.29254014135,126.552658356172,50.3798620521795,166.649475410347,103.712691789604
"SAMPLE_0165",176.059932964706,182.897877058003,137.072590301931,65.1425787004452,163.871040055765,94.6682752118003
"SAMPLE_0166",196.101300022658,208.083565059031,160.993092962262,78.7660047988321,168.468981988721,95.7890144252728
"SAMPLE_0167",161.240479807662,177.017766231017,136.717160556955,65.8110942049124,169.76087928187,108.357088769064
"SAMPLE_0168",140.873175103595,145.542821850525,108.370023186064,56.8889821338678,189.980132851239,106.263921321035
"SAMPLE_0169",223.156131726068,237.275765640248,177.637042944753,84.7167525113049,164.057691426053,92.3573788983268
"SAMPLE_0170",189.150882670678,227.210929203358,164.183542961045,75.4762518566421,188.204262504816,112.492614765387
"SAMPLE_0171",199.804892260815,216.722243070431,166.836953924147,79.7485204986084,167.725153334866,94.5568195193562
"SAMPLE_0172",214.027616534983,232.207708217438,188.244784190008,77.8451188049738,142.617180884705,84.6562555435869
"SAMPLE_0173",179.586673069859,208.220504187972,149.894420007828,71.0301945160545,179.143830676304,110.942717128849
"SAMPLE_0174",216.303195316033,243.778427783244,184.035449587084,74.8351302788005,157.13674748778,107.071880895332
"SAMPLE_0175",161.412661414227,181.801840847696,141.87289456073,59.7434817008435,179.796150316779,106.628342804405
"SAMPLE_0176",175.260114483067,193.138445738133,149.801692328664,61.7910205282296,203.46458720085,116.613112541357
"SAMPLE_0177",186.104398211149,189.646112281021,146.50291726569,69.8979909830137,159.892202351833,101.488149389078
"SAMPLE_0178",189.351631856239,216.408190468311,158.327798116254,83.7844781449391,150.14430976576,98.3831244514225
"SAMPLE_0179",173.001445450917,199.626164247845,140.295447236554,65.7232857271975,173.574732716091,113.609121862302
"SAMPLE_0180",190.102482511658,220.846733697109,159.624026155746,77.3801715201438,158.945369740968,89.1241900210311
"SAMPLE_0181",181.101308684799,196.218105561615,150.409018158938,72.0187313686967,152.983731201587,105.667172714071
"SAMPLE_0182",178.814758704172,218.48877294796,161.913009886554,77.7892058925121,146.10580464582,105.328209369554
"SAMPLE_0183",135.539063523848,123.635525466401,111.898565585341,35.7433522700634,170.99891900733,120.218485969136
"SAMPLE_0184",152.59851119697,140.7353609068,119.719880995776,46.5452320457709,168.730451414868,102.003078247217
"SAMPLE_0185",196.736397255485,216.591161442619,166.408401786835,81.7943666448577,164.465135422845,102.947755344971
"SAMPLE_0186",166.751416462653,176.506967357755,129.705962791753,61.5946679613221,163.117461627298,94.0878740244067
"SAMPLE_0187",163.851062996361,176.042815414845,137.998076808815,58.5960852440542,182.096609267268,113.068249246103
"SAMPLE_0188",140.8216830011,134.488044184382,121.133989088411,44.0341263258858,169.616500349549,131.143252748172
"SAMPLE_0189",203.308791961017,241.228556443182,176.504210884064,92.451999909918,134.381632509249,92.210151437748
"SAMPLE_0190",176.747127693133,194.440485521368,158.194151951904,63.8536264696714,141.512204561242,99.2501594953885
"SAMPLE_0191",224.251206134947,252.098997363964,181.667664465184,90.9464534983944,154.437836023592,106.865869768359
"SAMPLE_0192",187.909897463003,212.804652725478,153.043477412582,73.4549659541719,172.771860527642,104.010412140983
"SAMPLE_0193",136.054216650962,137.382231692456,114.599359379208,54.7544885088023,147.992175068774,94.1983947590632
"SAMPLE_0194",205.827035992334,241.975229558131,165.98181402481,96.14984344744,141.431839115495,90.1271337250815
"SAMPLE_0195",201.284009142925,206.867191027856,150.715679877872,74.2664660293159,169.113908508419,105.067905259072
"SAMPLE_0196",176.114073256073,213.513916815773,157.914161892081,69.9158085037894,178.382475462425,115.249887048523
"SAMPLE_0197",170.736908073644,198.925956681596,148.268992147543,62.050072865677,179.420352255079,95.7041887179736
"SAMPLE_0198",215.376661643031,243.686888940568,179.163630765979,86.533963054253,203.033453782226,82.901643939689
"SAMPLE_0199",167.612706638467,194.095961302868,142.870860197834,60.037826603412,154.447789907978,84.0073567086278
"SAMPLE_0200",208.242076311561,225.835024814801,156.030361910776,77.029236483827,127.919115488557,70.8239459135044
"SAMPLE_0201",179.29136968617,184.967608853532,149.580426742044,62.6190997546094,140.499403850407,89.1242581809478
"SAMPLE_0202",152.956853755363,149.65542903822,110.540272500708,44.8653371308817,191.38493305357,113.285942154727
"SAMPLE_0203",166.066172412762,186.035413296191,141.939354928316,66.8328483768227,167.980620373452,103.674658840932
"SAMPLE_0204",186.314394630155,212.821849843315,148.254960647886,75.4085794242815,174.84630550072,91.898803478941
"SAMPLE_0205",182.054088534047,203.620762715723,159.463021876341,71.4945650760105,160.376491957067,100.808338691719
"SAMPLE_0206",107.385818559945,108.327374091445,110.35094089858,26.2188368445915,187.247019114112,118.787482075583
"SAMPLE_0207",190.350888582407,227.292057849041,161.807868557132,81.7377092004358,151.460132593716,80.916684684635
"SAMPLE_0208",228.298405707105,257.988924752767,182.614809341496,89.076342824805,186.417723406567,113.601882440669
"SAMPLE_0209",144.996799391099,150.713601608207,121.045610812348,42.345493588873,140.925504614722,98.1960036878834
"SAMPLE_0210",180.210580571574,231.403930159883,155.473721619716,80.307655396718,186.598651510993,114.839374874792
"SAMPLE_0211",146.941537983815,127.902835995598,128.223781818836,35.8753694766778,173.792796691756,89.1955218655244
"SAMPLE_0212",188.626882680031,166.388255412835,140.353094565661,61.6240016607801,187.305472600339,99.2026008186821
"SAMPLE_0213",173.480314452179,216.579194712679,152.914122648229,77.2977772249615,169.553125614922,106.346633114488
"SAMPLE_0214",176.240001859992,182.769380405184,145.463068869709,71.8383130948078,188.744170226735,107.886825216422
"SAMPLE_0215",237.98190678174,267.452233497257,195.818853349863,94.5683885342514,185.873415381365,95.2245626562428
"SAMPLE_0216",192.301455960106,210.625778785796,161.082324756682,74.9157922700574,175.646362468584,96.8910089701638
"SAMPLE_0217",166.888882555773,193.060886858733,127.332421054741,66.8209273541699,156.239592958021,95.1857202374985
"SAMPLE_0218",161.050206614705,182.969354737122,148.814068707392,68.754947884273,172.712939149121,89.6197938735829
"SAMPLE_0219",146.88777065117,162.530870204875,122.797420355312,49.9191589984318,139.569286088271,101.58219333852
"SAMPLE_0220",123.085615211454,128.093059463899,102.800784608326,41.9992635048126,164.65072342209,99.9081353738902
"SAMPLE_0221",171.843524653161,210.568759876915,163.587976575538,78.3044747146165,174.23450880573,103.691954353139
"SAMPLE_0222",182.323591155643,204.045182251583,162.332712177805,73.0574225010937,158.735200248567,89.253050730754
"SAMPLE_0223",183.789238746085,226.505074088507,141.183455032921,73.7293396292845,187.180347867227,111.499726954756
"SAMPLE_0224",171.210169822516,174.506290232606,142.968289735229,61.8556779628539,143.794000577913,98.9969479954562
"SAMPLE_0225",182.913755010455,210.242017053624,152.292917814721,80.9410515258793,150.366460921124,106.303603049081
"SAMPLE_0226",153.007062621621,185.677359477785,127.705055731964,61.3852093438838,164.502052065923,101.705375658775
"SAMPLE_0227",154.522500020748,152.793510380707,117.064185675228,52.77422721003,206.509759975853,119.97834038078
"SAMPLE_0228",125.389517437814,117.808150695805,109.479745666599,32.6410268600711,133.417816947809,84.8704998250215
"SAMPLE_0229",235.888808058315,267.750457094136,202.881958889751,99.0697976759515,191.318293650385,107.674064339204
"SAMPLE_0230",206.36935620541,237.573517826147,176.725225236261,79.1437931295946,163.592497162047,103.800134499066
"SAMPLE_0231",221.29484142163,257.405613666772,185.046418095349,86.1509906502554,177.040836513495,98.3614894546821
"SAMPLE_0232",169.696687376343,180.426485780988,125.125815322897,49.1764945167514,184.927632549601,102.43118039853
"SAMPLE_0233",182.418962223106,211.307197525885,161.915771411109,76.8054606811604,188.174344979236,132.386415656794
"SAMPLE_0234",120.342344338435,130.730766986434,106.710125247324,37.6487099838698,157.339121821615,95.1069674400431
"SAMPLE_0235",179.550616410496,177.622940994426,137.932936946274,60.7819296664776,159.928097403509,115.954241643228
"SAMPLE_0236",179.859058714454,191.528389507116,149.437160052106,78.155933810325,173.963415303817,103.814813601307
"SAMPLE_0237",174.088288812494,173.730384738663,130.522132335587,53.329273279182,162.50193913358,89.3185383506392
"SAMPLE_0238",193.202619178798,217.186643375152,156.76161191234,83.6351822062431,178.310783843823,99.0906760098324
"SAMPLE_0239",149.739572453983,152.359161175942,119.966847226923,45.885297549128,171.286727567595,92.174934752487
"SAMPLE_0240",196.252160807619,233.562969116711,166.644651186896,87.0683390579729,169.076964498056,101.534420901359
"SAMPLE_0241",219.005124477977,266.683707606463,174.694925537946,91.1348063389379,152.304384498421,96.0677323856241
"SAMPLE_0242",152.314204744901,142.745913043483,117.951871478715,56.3093916684349,158.182071382622,102.347672144048
"SAMPLE_0243",227.077527064913,259.656093177408,177.964500266198,84.3936442920015,162.586265452485,104.320094076926
"SAMPLE_0244",156.441613695306,151.370534647118,113.939063812969,58.4543552527598,184.787773283088,111.222454405829
"SAMPLE_0245",166.894113386536,188.629268926078,176.857107339897,66.5282371665876,160.662278615517,102.861201863403
"SAMPLE_0246",218.854597985709,243.919694188672,179.270935537576,87.8708070914409,179.165446240534,108.248500430024
"SAMPLE_0247",157.440048262697,142.594008812421,123.053045396991,41.055856198715,179.93815875628,112.733551313698
"SAMPLE_0248",196.106533051128,212.900672908432,137.52783688638,68.564232826966,150.631405794863,102.516270277317
"SAMPLE_0249",185.817864602549,226.094864157791,154.73385093378,79.9199571430449,158.697652887893,90.9379572703717
"SAMPLE_0250",140.404589960933,172.940710768013,120.507819524316,53.7729429864467,200.867358257545,133.177481287288
"SAMPLE_0251",163.035534322145,183.954139983517,139.509988659743,68.2460634935212,150.616264611421,99.4609585110392
"SAMPLE_0252",215.524803827073,227.924514828438,154.716541501001,70.5851701212314,174.178197187523,100.303203573038
"SAMPLE_0253",121.323218597192,120.685681345553,95.6643002850837,26.4137619064577,187.808440125216,111.412682831856
"SAMPLE_0254",171.928093601175,196.489813484028,143.634221831403,65.371554250985,199.329306056494,119.944698512751
"SAMPLE_0255",176.949278523078,203.614086222767,135.531561949278,60.520966716087,185.251769700501,105.498774750302
"SAMPLE_0256",144.801045115889,161.215426527109,140.013083767585,52.4055449739303,212.764215524745,122.537719648297
"SAMPLE_0257",188.670471930683,201.830502271204,152.08143412815,63.5042467288872,171.135659699669,104.148405716369
"SAMPLE_0258",188.159508141768,207.808790957583,145.07223843066,67.3079837773323,177.61678350755,113.624190655335
"SAMPLE_0259",162.031576893316,156.627661764496,114.271281949589,53.2405196326949,202.29640562399,119.911863173064
"SAMPLE_0260",194.879061641086,227.392698848878,156.550398268009,78.6248019217699,177.406090102181,105.230321456347
"SAMPLE_0261",194.829940507637,219.318329787881,147.844761186371,79.4400980284179,176.374932776424,118.455765455479
"SAMPLE_0262",189.258954463032,216.622135118341,158.978488773058,75.1313115502885,185.864884000806,111.379266178075
"SAMPLE_0263",165.689363234396,168.712211886979,125.557601740299,58.6808871539793,165.908199585109,112.459470817162
"SAMPLE_0264",150.672525860987,119.630678262742,124.038567818213,42.5142052797496,174.770023204303,110.477615674288
"SAMPLE_0265",167.022477078147,197.528130642366,165.519488017764,64.3099072054925,165.327609877954,87.6765525431147
"SAMPLE_0266",164.255324036063,194.627602142563,129.655971455652,71.7726491322298,166.1633748883,117.411805469566
"SAMPLE_0267",163.744180044989,198.10933698983,136.950406702319,68.9405677305555,177.366938218016,122.916328380129
"SAMPLE_0268",185.784847637643,201.553421903917,157.196694817099,65.0409833845786,186.805475928913,111.726381073651
"SAMPLE_0269",172.939238207444,183.811709157104,151.412662766386,65.0640095046948,167.59466272171,100.230596033586
"SAMPLE_0270",201.923014696645,223.821866282448,156.56539627255,71.9126509883557,197.287606241404,105.122848913273
"SAMPLE_0271",175.106334880595,196.920286373646,149.014150897641,61.4403570162416,180.672900313912,107.678579587247
"SAMPLE_0272",209.745399816559,256.140401829628,175.139118003272,79.3662149304698,155.137983852585,100.843492735158
"SAMPLE_0273",227.779561135319,258.711339011435,188.213031042913,99.2048636398158,182.539741359996,95.6461729006001
"SAMPLE_0274",202.318896209991,244.895911466416,154.650423855323,88.3484761834522,161.058624617033,81.664081081938
"SAMPLE_0275",193.013939778547,218.294920298418,163.116564141046,76.3434893752097,142.555216834842,89.0580343392825
"SAMPLE_0276",162.826653052289,166.664978190574,115.928426387039,48.9279707546666,192.656325246394,106.541094112113
"SAMPLE_0277",232.940176816207,275.388975992545,186.062264855659,100.036297379232,157.587074533412,101.703226098678
"SAMPLE_0278",181.904777405111,169.773956801054,145.749900977495,65.8736811864845,152.576828621987,85.6930140934979
"SAMPLE_0279",200.904454021906,222.947343993709,168.171511523589,77.3262677612372,159.980918802283,99.202333230099
"SAMPLE_0280",235.82599816741,258.820194751574,186.081545058941,99.3064600513648,157.421152736728,101.775174650451
"SAMPLE_0281",126.552606343478,128.984953066563,105.779019352993,30.5293187327584,147.871701635966,86.2244045060786
"SAMPLE_0282",211.836301395083,246.41973334941,181.604841718787,80.2205229368278,165.525621041233,102.550105280435
"SAMPLE_0283",185.445226002631,182.378703769674,151.648236761134,71.4499886243294,169.699156798806,98.3649357534448
"SAMPLE_0284",155.996447701217,149.830767573422,129.753679652326,58.5021122100598,145.512706960988,85.7690996387206
"SAMPLE_0285",139.496599999325,119.473933981441,116.850078456343,41.6387447581428,172.553623893731,119.511903765316
"SAMPLE_0286",161.941272730878,192.27190055216,137.317829207136,59.7924550060929,162.744328012692,102.34684734436
"SAMPLE_0287",188.57118803348,206.543705603839,167.646610283618,77.6772365040654,168.254813577421,97.1671151231896
"SAMPLE_0288",150.271659625549,159.638853988816,128.959184665805,45.8841120338068,194.515534144664,118.521156116985
"SAMPLE_0289",215.9615811815,253.072046291698,195.275143317555,99.2124828881501,140.364579646494,102.729226008444
"SAMPLE_0290",154.486771093184,151.263521237367,127.379259347556,52.7995567464242,201.023064322835,124.447150908829
"SAMPLE_0291",160.70683685491,174.021164225534,126.689975455845,62.375600304811,166.932675757176,124.271973910342
"SAMPLE_0292",171.686291361546,165.905570787282,137.9041838738,64.6675437205678,166.188384004162,95.1151296267347
"SAMPLE_0293",236.364394685092,261.584474443325,202.2056289422,104.599021055887,156.797788149088,94.171944881594
"SAMPLE_0294",173.849373961265,198.22806681942,157.101616058359,65.4005423531876,149.84046624041,99.2510313603983
"SAMPLE_0295",173.34529077544,207.208323057225,144.617228734695,63.9155225010488,160.12827278155,86.3852992385354
"SAMPLE_0296",228.944144086345,266.320404916289,178.49496403194,95.6784515040703,138.648814039666,94.8032111611408
"SAMPLE_0297",117.635085379351,87.9015288064152,86.4781116685882,24.469235959161,189.22130827027,105.673044243403
"SAMPLE_0298",205.651079869747,220.123172647207,161.640558047799,83.4517175478761,175.757423802633,106.009835006502
"SAMPLE_0299",160.864696066298,135.942164331048,112.036286426779,45.387583853493,152.741258744283,96.8413732725193
"SAMPLE_0300",140.286743475685,121.633828177787,110.968591784693,46.580918762811,162.624823985692,120.882588387337
"SAMPLE_0301",124.294881143534,116.941191992515,97.1185037835047,33.1728416609949,165.632997525906,106.819235503217
"SAMPLE_0302",202.122237654875,219.579051872327,167.612825516047,67.198104611517,155.773427327152,110.461085546924
"SAMPLE_0303",182.22854016199,194.404967670535,154.57593480357,77.8246934973227,183.61365142286,117.034548396411
"SAMPLE_0304",148.128580247054,162.142944882115,117.936131639312,45.0284397791506,167.894674690414,112.651265599973
"SAMPLE_0305",124.096087825344,108.375515362896,92.9620440014011,27.0195055011016,193.464208993386,111.035824944093
"SAMPLE_0306",116.414178040297,117.290246878121,88.3729733812264,42.7196379604512,172.756703482178,122.907764725113
"SAMPLE_0307",169.207855474444,191.822066932574,146.519324992559,69.6998113377252,153.464611770013,82.1856329074262
"SAMPLE_0308",178.226473346038,179.869365342816,132.816556382822,63.412341062459,158.495492240072,96.3672803347206
"SAMPLE_0309",174.00154497787,186.896430103496,147.265787144144,64.1929359506736,162.844634042288,112.32453325357
"SAMPLE_0310",178.219597513771,201.188982794283,131.29197828558,62.1816325549575,178.345793645053,99.4587316024012
"SAMPLE_0311",195.820710412508,212.7177164538,155.142269460739,79.0776421327407,167.083766467018,97.1293793367469
"SAMPLE_0312",129.624509605481,121.067408161109,112.78417012663,43.5760392441876,144.971549763127,98.160148899403
"SAMPLE_0313",209.53612731229,248.669984824718,185.113477058265,87.5487606820024,155.159101642863,100.671149384875
"SAMPLE_0314",190.737698911748,238.744788922161,158.233740899904,79.4345363893227,196.186917045446,125.75536222685
"SAMPLE_0315",143.106529260603,136.934821706659,110.086669237186,41.3969473068744,171.846626048912,126.423842464748
"SAMPLE_0316",187.637738113373,215.879057344344,157.909240368603,70.936996299176,155.309983409376,91.991471174236
"SAMPLE_0317",175.387389139555,201.368515759987,133.445806564822,74.4289580055027,169.590842463241,103.431455198913
"SAMPLE_0318",143.963770967815,139.927236615751,104.723133887659,47.0282020633949,143.813994705325,97.5422269679324
"SAMPLE_0319",115.312829431164,125.051167145262,90.3389523631215,29.6243480890627,164.06178695921,120.380270871244
"SAMPLE_0320",173.942190781208,195.566522621431,132.974194193134,62.7135354588127,176.543703773507,110.620085565592
"SAMPLE_0321",183.291093861036,200.34278176104,144.167516542262,70.7043100298188,148.532072032506,104.688688290388
"SAMPLE_0322",118.224239930317,89.4234927472216,99.3848839207666,29.3567884003643,186.393925838843,119.074895383374
"SAMPLE_0323",196.859520960383,215.806174271432,165.586210487153,85.9721494933921,147.322993160028,87.3716568988376
"SAMPLE_0324",138.117726848731,129.907735727353,104.185719427664,41.9334778402788,168.386792452776,100.924751997067
"SAMPLE_0325",197.931771170928,227.651554602382,163.554159289989,87.1635706480836,147.446879750681,91.6137151460105
"SAMPLE_0326",141.169992101088,135.056970936456,108.606051293463,43.804237780657,161.89805358845,109.379872489323
"SAMPLE_0327",121.141738754327,130.578776349765,104.408687662525,38.4268971311865,183.986992373902,108.059706601518
"SAMPLE_0328",209.073887124994,242.771277298088,163.583556874428,82.5006432774983,178.590645639743,110.060639786645
"SAMPLE_0329",150.900338735098,157.004973549774,130.918531755315,51.1142408831454,181.695370804944,102.988923453656
"SAMPLE_0330",221.611147382238,271.024418208971,196.537916288163,85.0299811086215,165.165642511996,103.11901177556
"SAMPLE_0331",182.226306529219,204.953333962697,152.489983068712,62.3384391324613,160.002132859413,84.0537808381788
"SAMPLE_0332",154.597757100756,175.689004955159,128.818204106355,62.954950077783,165.62547965691,105.983355123159
"SAMPLE_0333",156.099501688814,169.096407703386,137.880199524333,62.045628898089,144.9925737861,80.4985358346384
"SAMPLE_0334",166.999407715835,199.554004349374,149.632283919037,65.1294983177197,151.339824586784,93.3149242575484
"SAMPLE_0335",88.0979141661191,94.0014718318826,82.081538825615,21.0705837414764,191.643864801602,113.497274161592
"SAMPLE_0336",120.69835591068,120.705639083733,98.2033213641415,25.4542787169772,195.699032445353,132.90961132185
"SAMPLE_0337",161.840502204355,178.228333597637,143.43293755029,62.5216236622645,174.619931865516,110.476682966125
"SAMPLE_0338",170.197696382395,177.374212173991,133.628451252394,59.8272129130916,184.010815313342,122.413592866106
"SAMPLE_0339",211.148164358388,254.236558681977,192.882742497957,92.358345125293,171.798285033279,95.6244015132111
"SAMPLE_0340",210.270375933057,212.863526588513,168.594120366775,76.2610973968395,149.855856307511,102.984920767888
"SAMPLE_0341",176.025678150832,169.894178096813,127.561178922558,48.7947140490761,194.393304286569,120.873169890935
"SAMPLE_0342",160.844737125844,161.728110616229,127.253003384007,49.7350197719968,156.36346411141,105.270343939261
"SAMPLE_0343",191.990313387993,221.29248019981,155.56033029812,73.1047909760964,179.646977655957,119.656474365176
"SAMPLE_0344",171.699187736746,167.176590277554,127.239682625359,65.066143365364,172.073663231211,103.134474363084
"SAMPLE_0345",141.722296567065,138.147442190922,112.817951658845,46.9060953863575,146.920789553229,101.424934504645
"SAMPLE_0346",213.285668172541,245.597414739024,194.931132918336,101.903670130236,156.925918496762,79.8983666974871
"SAMPLE_0347",210.053740304252,286.635512237359,203.604949778249,102.259483158425,163.225063279079,96.918921149249
"SAMPLE_0348",131.660414949245,131.530795783316,96.6549162101127,45.3939123216605,157.208349170765,102.055410842135
"SAMPLE_0349",170.488594414299,203.042576503962,148.78233746187,73.1739512864919,174.966901674418,125.573318837693
"SAMPLE_0350",150.940852061588,155.203009844497,123.374243016572,52.9676268897356,138.760346675775,80.1987177382477
"SAMPLE_0351",127.304951035955,128.809308452301,102.930930007969,34.1772079835059,168.708217193356,119.912991993047
"SAMPLE_0352",205.8785799861,263.473170865722,179.817534534003,92.4361132407103,191.391663753206,118.981107191469
"SAMPLE_0353",227.931433070706,256.144125032439,173.970419867387,93.1077402646728,163.38183383771,109.631078640832
"SAMPLE_0354",133.79017516408,123.626596816921,107.271337302661,39.8515070512455,173.474536732829,102.794393178031
"SAMPLE_0355",132.748828607548,119.931882688185,95.1150492267592,43.2158299643747,173.232328287241,107.549133245102
"SAMPLE_0356",195.882799155676,217.58247150394,155.393235558379,81.158230434135,159.579167181176,107.993300076523
"SAMPLE_0357",116.746048043607,108.85140992728,98.8065390077798,36.599020486891,156.155342352711,89.9076938634773
"SAMPLE_0358",194.069283937914,234.00169910953,166.703748678036,83.4006391274447,185.279774829165,105.853157242558
"SAMPLE_0359",198.488370506275,223.195583688249,156.666598902411,85.860669481988,162.171035498438,116.04006877945
"SAMPLE_0360",200.389530273359,229.815108829872,155.075180966133,74.9360651397422,179.57780845456,107.014268027047
"SAMPLE_0361",207.201165264984,245.081660591227,177.595664210774,86.1389856761044,168.68270173109,107.427045366062
"SAMPLE_0362",224.529001609621,272.531842939004,196.952600128272,87.8200705137859,184.419199094159,122.901657500372
"SAMPLE_0363",163.205346600938,197.771492639676,151.854752924056,65.0046638008294,151.366744656451,104.368098721802
"SAMPLE_0364",178.587206190898,176.575831957253,141.166455658771,61.6671217940133,187.07843740499,125.040017075934
"SAMPLE_0365",194.74217775657,201.578277058849,155.232064425269,71.1706171823536,166.86560452641,112.22687471395
"SAMPLE_0366",230.827247437042,267.210502879103,176.046072224801,102.973203752632,163.812022854488,98.0504135114072
"SAMPLE_0367",171.572054372532,165.490650778014,129.893195703315,63.3735459234534,166.429652475584,102.162327116291
"SAMPLE_0368",215.225910892774,251.775248515568,174.494570572083,91.0205190117066,176.596459647326,108.156613959202
"SAMPLE_0369",95.3745420314324,98.0791398671074,95.6692829927672,24.4961323642741,190.797218318485,111.478743115934
"SAMPLE_0370",147.898550455567,146.617973328778,112.759319638495,40.6880098531068,175.728530199604,83.1796435993058
"SAMPLE_0371",178.944679826943,202.626026477327,162.851969193471,70.8955557792607,181.368151969562,108.058887683568
"SAMPLE_0372",153.842791056022,151.376084369685,105.549678187595,49.0272346275113,155.196871462755,99.905777099705
"SAMPLE_0373",154.726529941088,160.216787883751,140.670825996619,56.4460641880321,147.432650374069,91.4971602161358
"SAMPLE_0374",210.848319015096,266.017275933846,175.134538255984,82.8799536696118,176.272039113286,111.756596729398
"SAMPLE_0375",152.887922270374,172.013090275061,130.97180071569,59.9987632352811,205.700576034103,123.703519793725
"SAMPLE_0376",164.770809371116,191.381756550411,140.345814088989,61.5428170649301,193.095213466731,106.655625667504
"SAMPLE_0377",209.467191278922,261.490329409848,165.104453461459,84.2812826569492,168.550896774073,106.289807018416
"SAMPLE_0378",173.139859019758,215.740598584768,160.99784309201,67.9849177584886,180.18520883511,103.1697287848
"SAMPLE_0379",152.851714466922,176.496332615474,125.782261107646,57.0104548428292,167.243642118433,104.378155041161
"SAMPLE_0380",189.482783195311,222.733942427013,161.12594847458,74.5604024425982,185.416296988062,102.054836040909
"SAMPLE_0381",191.169489724568,216.481634133903,158.312286431358,75.5038796759626,139.117738381107,97.3589537187531
"SAMPLE_0382",110.307563711333,128.346576642139,93.7169298102403,40.7887554034526,148.429154120972,93.1496571571869
"SAMPLE_0383",192.943206822501,214.649010550251,149.560851761822,74.674389617503,177.10202471377,111.789717437273
"SAMPLE_0384",146.261078735428,142.639586935525,114.109904309717,52.0996094833283,130.649467788073,95.6331425299643
"SAMPLE_0385",185.883676328998,172.378032625322,136.993654565773,56.0604722952015,192.528559457644,115.970568115246
"SAMPLE_0386",202.161777152898,224.191523681832,162.043531033604,82.8396814545907,142.521976880653,95.6842731528019
"SAMPLE_0387",195.709612591281,224.681182022128,156.640488899159,89.1468900679388,163.413423710187,110.081405267749
"SAMPLE_0388",155.608418465581,174.476447289266,117.981835574239,50.4196411892022,159.780904910658,112.265566241412
"SAMPLE_0389",147.556043175649,162.272092694878,147.06373545884,60.1633135704924,188.49833612114,104.826812361158
"SAMPLE_0390",170.526724094422,170.014883448528,130.431875516994,59.1253781271155,177.51737359372,111.941290432755
"SAMPLE_0391",158.468461734255,171.320762704056,135.71089886938,64.0028161754106,160.728399720466,101.32495554261
"SAMPLE_0392",199.858637297308,226.795947257491,146.671977842895,71.9841370557698,171.140051834847,106.505531632567
"SAMPLE_0393",200.826285462931,217.14233841554,163.832001196813,82.607214572605,202.175414612192,109.242929127872
"SAMPLE_0394",202.722474791551,219.187777216719,157.603221079561,67.9754202313562,176.679735185912,89.3959375768894
"SAMPLE_0395",220.27422201096,227.091141433719,165.895441410223,84.6931061567329,167.768706229514,112.472572708276
"SAMPLE_0396",190.437126075134,206.009829357883,153.587051311838,76.570517416264,167.846725892067,91.7513308695214
"SAMPLE_0397",113.867130881155,105.566336993633,74.5324588740114,23.4464279146526,161.294179962563,94.0879956882677
"SAMPLE_0398",100.900953713195,96.7106443022002,84.0325409130329,22.8702665001208,172.016748597027,92.6613576684862
"SAMPLE_0399",218.348792743982,255.322354661334,182.76065314059,94.778173368823,152.151146548337,99.9472199860881
"SAMPLE_0400",172.56473760544,179.411915802778,137.319869116017,56.1511482389793,178.33227393464,97.562771892695
"SAMPLE_0401",187.94558392083,221.253410230789,160.239929909912,81.2228619032042,164.452683928324,99.0240660389261
"SAMPLE_0402",218.130557446975,235.914999947895,149.544963302931,81.4160327421929,129.201114280104,97.907239401016
"SAMPLE_0403",169.7107938457,178.697895367558,130.921165821324,65.2127220031172,145.083507594617,89.4456468232119
"SAMPLE_0404",211.024045183722,240.335049574952,171.902616556471,88.2517024166957,199.882934599003,107.166907524767
"SAMPLE_0405",114.288867389062,118.583663372451,94.6359147163168,39.3123507181338,182.507462426263,105.191425634762
"SAMPLE_0406",190.573322159769,196.466368384314,151.590865815359,64.9840349545181,169.586671744685,96.5727382567023
"SAMPLE_0407",185.567444870648,212.188450963142,150.902191177994,81.3076419831752,160.660741283526,105.44398558028
"SAMPLE_0408",208.256531365332,253.281807218863,181.427483261577,79.237932706054,154.152205658323,99.6309374199919
"SAMPLE_0409",200.783250855945,221.06200273913,166.431470356301,82.5620078629854,181.582007641777,110.22191329087
"SAMPLE_0410",194.89013411625,197.299886812555,143.976969678926,65.9753354498251,135.461756140214,81.3306579186982
"SAMPLE_0411",206.063916634973,246.618900440895,167.828203851613,81.6319764054518,152.762620598776,104.976105724307
"SAMPLE_0412",117.457507538376,135.924078783811,107.834119166014,53.9219745675609,170.037457430073,117.167674108487
"SAMPLE_0413",175.069774789333,206.199963618804,157.564964897902,72.898593942385,163.69261845699,97.3910530668843
"SAMPLE_0414",171.429647908014,192.733753423472,142.449708213883,74.3209922522547,171.875921648962,91.992492583417
"SAMPLE_0415",198.370800413737,230.716486765972,160.728579362007,85.7098489981931,170.441692466025,107.523897787806
"SAMPLE_0416",140.305200589818,130.424421915779,111.025308850143,36.467523606708,167.283456223163,103.747310747689
"SAMPLE_0417",220.119012424845,271.542930003921,172.386510546181,91.2523850944033,162.348216554291,91.0041828151174
"SAMPLE_0418",159.725131936247,193.850446922132,130.147303927222,61.5641979049585,164.173172638373,103.598477509756
"SAMPLE_0419",94.8859936328006,105.812838886113,79.0071288816279,21.6827602053342,186.358133042034,125.276409712269
"SAMPLE_0420",150.35847177926,139.664835107513,132.077065359445,52.1454622685344,180.669455479158,110.301954955622
"SAMPLE_0421",177.481618232956,211.045719119569,145.618012658909,63.5743518309961,181.39338591359,103.039772239096
"SAMPLE_0422",244.305519598129,263.39852134982,170.84732907383,96.9031815641548,144.290513392931,96.5861617412641
"SAMPLE_0423",167.47921732941,180.128383896867,134.927742489786,56.31652112422,137.091803520503,95.6531299822879
"SAMPLE_0424",203.051350011679,248.030977448759,161.685458520518,91.5448061024317,158.145050805879,122.250430661443
"SAMPLE_0425",181.625844292563,217.370579278137,164.785884645654,82.5675053642193,186.26081558485,106.86672708192
"SAMPLE_0426",128.303302013504,148.225648269548,116.643940113442,48.0622818682137,156.875896697457,94.9121041883381
"SAMPLE_0427",206.173098116531,230.471615507579,159.418133508718,70.3145810794331,170.506668264475,106.035626671372
"SAMPLE_0428",169.404193099016,160.483727119025,141.111858320761,52.9535998083391,168.049046429105,111.796392749082
"SAMPLE_0429",162.78474902879,192.321762264018,156.620332578184,77.1233066525518,169.276182087771,111.977352716318
"SAMPLE_0430",124.603943153779,110.087348369195,95.4834329896232,32.982716529449,150.272019655723,94.2977238223718
"SAMPLE_0431",172.722696699621,191.850807250304,152.352504829146,70.1861844537724,194.507878629112,107.249672575947
"SAMPLE_0432",166.166333940647,186.762124266925,148.479872070716,70.1955787295213,169.628646138155,105.104429839717
"SAMPLE_0433",181.197102951133,198.392848231793,150.888940469895,63.1361079240334,174.169420748421,121.336995605816
"SAMPLE_0434",179.96561234014,191.849835283176,141.868992249191,59.434848115048,174.563821141926,112.193195580332
"SAMPLE_0435",195.178735432135,199.131207919173,150.912045020696,68.439169445616,153.989022753712,109.834701093324
"SAMPLE_0436",189.003206328376,229.554898330158,165.660054014312,73.6212790417928,174.034107797482,137.736624075207
"SAMPLE_0437",109.474991513453,111.345409147642,108.982262166752,27.7703704916715,168.067307035857,113.287954699074
"SAMPLE_0438",169.615186716142,212.894119540759,156.799190362143,65.1937808342732,159.450565681534,104.394414848329
"SAMPLE_0439",164.790822176669,187.892108971025,137.003305257753,58.1239515098236,185.945044804742,125.267051669879
"SAMPLE_0440",187.670788639289,232.058049425043,160.659278441294,79.5250665828898,168.747912115873,107.007612266579
"SAMPLE_0441",147.312987605745,156.173974338616,138.094141976579,48.4814233581761,168.368685202691,107.61624664703
"SAMPLE_0442",156.107509523954,161.119801212661,125.670944357611,52.3334874051933,191.069686534474,116.401207839889
"SAMPLE_0443",166.967863123618,191.120364528671,137.871461719398,78.2604087291699,147.900724143434,108.083251324565
"SAMPLE_0444",199.396439699491,222.881737574208,161.624941709672,74.0106196326,163.682828137919,96.535519420858
"SAMPLE_0445",115.202130505664,112.522343783495,104.592805614326,40.1454340803357,192.502461518321,117.454792628769
"SAMPLE_0446",196.24785745988,224.032659104654,167.14086342963,84.914001053937,162.542049389449,116.75226142418
"SAMPLE_0447",189.031837527282,214.887448756992,175.623912338703,69.0371185871816,159.378085058177,97.0399167343596
"SAMPLE_0448",186.876064392691,218.805935354824,162.013983453105,79.0995524622561,156.460946265517,111.881202663931
"SAMPLE_0449",167.197400464662,176.926029691672,120.05784950673,51.7483158910759,161.797974278493,98.1812966501614
"SAMPLE_0450",143.229716076156,143.364517478097,130.568235467435,42.072484957679,187.926644120874,107.107743368717
"SAMPLE_0451",210.442975923447,231.040413094279,170.49343394792,82.0759084727155,144.878676358109,93.6716260837381
"SAMPLE_0452",167.575989498206,178.322780451503,138.807741633944,66.3753663564328,149.74137504582,94.7061597082076
"SAMPLE_0453",171.614618561081,159.765901834188,117.897780961681,58.3016589128647,157.345559403656,104.482821698272
"SAMPLE_0454",111.840862513398,119.395231960816,87.9777547883732,24.7734241633398,168.879235913841,106.313463585167
"SAMPLE_0455",217.151169439434,263.85002997582,191.393673245233,84.950044741629,186.51669198719,99.5090890112225
"SAMPLE_0456",170.001627535879,170.465666641831,120.048879419259,71.3383142113783,160.268116735523,99.3183400516961
"SAMPLE_0457",138.16415375822,147.72200991912,118.336113439404,36.590352132667,174.369421286742,120.300992710534
"SAMPLE_0458",164.783978238252,189.332542192145,123.785498952094,71.0894196352437,173.345945700405,115.955665400861
"SAMPLE_0459",210.388365282561,249.068197337376,180.88209463068,84.3371574415013,127.673166600455,83.2511115709734
"SAMPLE_0460",174.541107381659,189.441991352022,164.810975406404,69.8005495754244,169.137361637945,109.274992852246
"SAMPLE_0461",142.375651149671,153.301896662254,126.51096371386,54.357420641337,157.791741067705,103.374160781017
"SAMPLE_0462",189.619911793759,249.790991148296,161.51844012444,67.3693629326368,166.36940274534,103.286425902427
"SAMPLE_0463",103.502855720737,124.091132017445,93.8721430776474,31.0329093515108,168.477849943581,101.389600743409
"SAMPLE_0464",207.029784245035,218.516883422457,167.14781674412,76.4195220973244,186.272760615382,102.064015982585
"SAMPLE_0465",146.354631878385,127.906840860794,129.516493472433,40.3528671153326,171.198971358794,112.661596160676
"SAMPLE_0466",125.076615369072,114.236572143663,106.268558245324,41.3624391741917,171.725120184692,100.042013155827
"SAMPLE_0467",166.471748006605,175.240830345118,132.012634511273,63.1417630219653,153.888320138253,96.2995621883233
"SAMPLE_0468",210.108051433706,258.06298504637,158.848743708503,91.0617743966513,151.525741500284,90.649005558235
"SAMPLE_0469",209.095604746979,228.086318699324,155.6947604217,80.5124551433546,167.154238261405,113.658047168916
"SAMPLE_0470",159.294957024783,157.777481025547,134.170819397928,61.4954280489597,148.337651647759,101.248593519597
"SAMPLE_0471",216.55953454255,230.793011458464,184.82680840163,82.2097945386716,172.586292776422,114.24040983838
"SAMPLE_0472",143.098328683723,136.52600094546,111.174689976189,40.1560084125121,162.118928767679,112.523607635309
"SAMPLE_0473",206.332703582326,230.324382924468,190.695353281684,90.7780540582867,148.484950984114,87.9873187884919
"SAMPLE_0474",184.453512676348,214.49855133194,152.258242799427,75.3481227131738,178.506615886256,121.558786163267
"SAMPLE_0475",220.013734800672,265.667498829363,165.677746159142,91.9833289235096,173.51152828305,105.346549971729
"SAMPLE_0476",205.02783439962,193.566783185878,154.071827596463,76.7685600011421,155.111112334266,112.340217042305
"SAMPLE_0477",188.421569468172,199.890602315251,170.091345818238,78.2588976450308,175.237777046747,118.639551103113
"SAMPLE_0478",193.257460470493,198.101782192236,161.999873150788,76.5056056003977,170.973208471624,105.569114140663
"SAMPLE_0479",197.613988765992,220.455812514975,158.37941750966,78.6331700409079,176.621592176399,114.391919840229
"SAMPLE_0480",184.122970543964,223.24477862377,156.524593929573,89.054821615375,158.812407037162,87.1528568574826
"SAMPLE_0481",185.569661443974,193.719069305336,144.01184330466,66.5632398642001,155.187164946551,93.5673457104547
"SAMPLE_0482",131.418419945165,119.334270374338,113.056791407101,44.1033597285004,145.207463473919,98.9404148003205
"SAMPLE_0483",158.835169876152,162.794131955265,117.04389020532,51.2717760065574,157.942201495936,102.880539908066
"SAMPLE_0484",199.844727450921,227.089598846051,162.107638929816,80.8258196873257,181.623451532761,110.248770499814
"SAMPLE_0485",182.818412185974,210.463967592163,147.553421552034,76.2242858291552,172.851373132026,104.750885061612
"SAMPLE_0486",183.979429536004,207.65724855263,147.242348316079,72.2742959386453,178.033482875136,99.4735327801116
"SAMPLE_0487",223.081766881893,275.649775188576,173.011280657905,92.6633955980399,179.183353572948,102.181825397457
"SAMPLE_0488",211.903844848463,265.738259836111,190.547676957439,90.5732389701192,164.571021963477,102.808152767705
"SAMPLE_0489",195.907294614223,189.529935896615,158.761053589563,67.2295476446022,162.520096309132,104.812066998074
"SAMPLE_0490",191.956183792857,221.215734395429,165.140908066213,75.5185593746594,164.543453565277,94.435762369848
"SAMPLE_0491",151.159935222697,169.74815969706,138.92601821779,48.0453804875232,151.482545461882,90.0487746948014
"SAMPLE_0492",204.89144756526,216.434590712205,161.420930562288,75.0056181575863,170.644625398354,112.600449138353
"SAMPLE_0493",225.67372560167,248.144796520442,185.010827781519,79.7511814231219,155.030079642915,99.0961502292431
"SAMPLE_0494",171.365954582157,196.726548605145,145.69031655431,70.2583289894007,176.217084858695,114.919537899813
"SAMPLE_0495",116.448901643155,104.138605585532,101.582794978008,33.1682106130337,171.54860498903,100.739037439333
"SAMPLE_0496",139.864728681012,145.678136221725,114.58403823229,46.6777280313626,164.020623193793,111.549165222655
"SAMPLE_0497",168.163004158816,182.653772641994,138.160569847795,62.9836482093865,157.380004496832,86.0681547760685
"SAMPLE_0498",191.613435163023,208.069750070036,175.227255516128,68.2844536183127,153.602361105881,100.311359108382
"SAMPLE_0499",170.71844592375,192.925145248765,137.187380926828,65.9491520815258,173.922484731123,105.053741901724
"SAMPLE_0500",179.778707135391,183.714122973018,142.30576806858,72.1542836560178,166.964940575053,106.82534531943
